reviewId,userName,userImage,content,score,thumbsUpCount,reviewCreatedVersion,at,replyContent,repliedAt,appVersion,app_name
dbef8630-cacc-43e0-9026-2f170e57eae3,Denny,https://play-lh.googleusercontent.com/a-/ALV-UjU9eHAXfjN2UBHeo6zkCAvSC4-F0xbQSTRY6pLzkisqWzYVk4a3,"menurut saya dari pemesanan aplikasi tidak memiliki fitur cancel saat alamat salah tujuan pesanan tidak dapat dibatalkan dan uang hangus begitu saja, juga aplikasi lempar tanggung jawab terkait pesanan pada driver",1,0,5.76.2,2026-09-26 05:11:59,"Hai Kak Denny, mohon maaf atas ketidaknyamanannya. Laporan yang kamu sampaikan akan menjadi masukan bagi kami untuk terus meningkatkan kualitas layanan kami ke depannya. Jika kamu memiliki pertanyaan atau kendala lainnya, silakan kunjungi menu Bantuan di aplikasi Gojek kamu. ^Maysa",2026-09-26 07:27:07,5.76.2,Gojek
fa9bbb8a-410e-4443-8626-583f1b4b5dd3,Pandu Setyoko,https://play-lh.googleusercontent.com/a-/ALV-UjUsTvaW1XWAK4FKdiDRAIDAES4al8nzgKxuVX1zNy5tm0TFbFFb,Amazing,5,0,5.77.1,2026-09-26 05:09:44,,,5.77.1,Gojek
4e54b42c-aec1-4c49-a2e3-48d043ebfca2,I Nyoman Tri Sumadiasa,https://play-lh.googleusercontent.com/a-/ALV-UjVs64X23Q-annTbI1NTwM49F5X8S1OQNlo7WeTAXPalmI7asok5,"driver lama, pilih-pilih pesanan, lambat mending pindah ke aplikasi sebelah, pelayanan cepat ga kayak d sini, driver lama, lambat respon. mending aplikasi sebelah driver cepat. nyesal pakai aplikasi ini👎👎👎👎👎👎👎👎",1,0,5.77.1,2026-09-26 04:46:49,"Hai Kak Tri, mohon maaf atas keterlambatan Driver. Agar dapat dibantu lebih lanjut, silakan laporkan melalui menu Bantuan (pada menu Profil Saya) di aplikasi Gojek dengan mengetik ""Driver menjemput terlalu lama"" pada kolom pencarian. Semoga informasi ini membantu kamu. ^Maysa",2026-09-26 05:27:54,5.77.1,Gojek
952b8349-cf3a-448c-8e4b-f76fb2e85387,NIKO ANDRI FATONI,https://play-lh.googleusercontent.com/a-/ALV-UjUnxVCD2z7ems9ELK0hPGt9BckjYDibqhsGE2EdMmx3S-KKKrWJ,Untuk awal makai sementara kasih 3 aja dulu,4,2,5.77.1,2026-09-26 04:39:09,,,5.77.1,Gojek
a2d9cf36-b035-4132-8ed3-9f96d3a3a50f,Chef Ikobanjarnahor,https://play-lh.googleusercontent.com/a/ACg8ocLwX70OtbRyDAmxrczEwrEte3FLRcam85Xi71buMJfliqrM=mo,"pesan goride dan pesan gosend mesti ada masalah. driver sdh dpt dan sdh jemput, tiba² driver lain datang menjemput. barang juga gitu, sdh ada yang ambil barang, datang lagi driver baru buat ngambil barang yang sama. peniiiiiing bangat aku lihat aplikasi gojek ini bah. butuh aplikasi cm model nya kayak gini nih. tp tetap aku kasih bintang 5, mentok bintang 5, coba ada bintang 10 pasti tak kasih andai kata ada bintang kejora pasti tak kasih juga mohon diperhatikan dan diperbaiki layanan yang ad",5,0,5.77.1,2026-09-26 04:36:15,,,5.77.1,Gojek
5b45dcf2-190f-4cb0-b875-3d7f4225fc21,Juli Triani,https://play-lh.googleusercontent.com/a/ACg8ocKKwAhPP7zCHK5sjn008tflWlQcb2GnLPCrZic3RD8w98Qxvg=mo,good,5,0,5.77.1,2026-09-26 04:29:16,,,5.77.1,Gojek
ac746420-19ba-4835-88cd-a293ec070ed8,Kris Wahana,https://play-lh.googleusercontent.com/a/ACg8ocJ6n4f52mq1CXaCAQ7D7aNjP2jmq2c5tNTas61no1VXEzMZbQ=mo,siip,4,0,5.77.1,2026-09-26 04:16:24,,,5.77.1,Gojek
327bf020-ec40-44a0-b8d5-6687e2f96c27,Wisnu Catur Saputra,https://play-lh.googleusercontent.com/a-/ALV-UjWqRP_Wpbcrod3DgQlZCzuzNjHe-azjKmOXTaDJD2HiMDl258nz,"weekend gojek selalu milih rute terjauh, rute normal cuma 2km malah jadi 5-6km dengan biaya yg lebih mahal dari biasanya.",1,0,5.73.2,2026-09-26 03:52:27,"Hai, Kak Wisnu. Pastikan kamu sudah memberikan izin akses lokasi untuk aplikasi Gojek dan update ke versi terbaru, ya. Jika rute masih bermasalah, laporkan melalui halaman Bantuan di aplikasi > ketik ""Rute dari/menuju lokasi titik jemput/antar saya bermasalah"" > pilih artikel dan isi formulirnya. Kami siap membantu. ^Maysa",2026-09-26 05:25:16,5.73.2,Gojek
f940521b-8a4f-4f0b-86d5-8cd88a377dad,Sandy Gunawan,https://play-lh.googleusercontent.com/a-/ALV-UjXAfAEb6MzX827o_XWd5ADPy2sUj-_YvnGeVpzwVujezr7pOTA,good blues you,5,0,5.77.1,2026-09-26 03:47:09,,,5.77.1,Gojek
b8ddbafa-1d7a-4e6c-8f4c-ef5a7c72ae3b,fernandoharya Dewandaru,https://play-lh.googleusercontent.com/a-/ALV-UjUkLF9JEcCFRqWMrU9D42NJo9p33xWWtB1cMJRS_bo1WuJmg1cq,bug double order tolong di hapus!,1,0,5.76.2,2026-09-26 03:13:21,"Hai Kak Fernando, mohon maaf atas ketidaknyamanannya. Laporan yang kamu sampaikan akan menjadi masukan bagi kami untuk terus meningkatkan kualitas layanan kami ke depannya. Jika kamu memiliki pertanyaan atau kendala lainnya, silakan kunjungi menu Bantuan di aplikasi Gojek kamu. ^Maysa",2026-09-26 05:20:08,5.76.2,Gojek
33ff8482-9fae-4447-8b70-afc40474e875,dafir sudiyas,https://play-lh.googleusercontent.com/a-/ALV-UjWYcYOywLFKwohuTeKTeXnsRp-iQ1cV8Iuz4cZgRyzEbV6VB0w-,Siippp...membantu banget saat butuh kendaraan,5,0,5.77.1,2026-09-26 03:10:00,,,5.77.1,Gojek
1dda2f88-aad5-42d9-baac-48f0ea8793a3,Sinta Mustika,https://play-lh.googleusercontent.com/a/ACg8ocKUMrIbeZWjaBAnzL_YV3qiI7s7xVlDVSAJcwhtYsB4EiPcmQ=mo,good,5,0,5.77.1,2026-09-26 03:08:02,,,5.77.1,Gojek
64650171-9dcd-4340-b260-f9a894cef689,Nur Kholis,https://play-lh.googleusercontent.com/a-/ALV-UjX3XE6Znd_VavxzvML9AdDW5GvMmPDgpJOdCcs7iPgT3qPSogA,baik,4,0,5.60.1,2026-09-26 02:57:55,,,5.60.1,Gojek
0a015df3-8da7-49f5-8ca9-a45eea7b222f,suwarto stm,https://play-lh.googleusercontent.com/a/ACg8ocLSSCNYRirOuUy4Q3G99EKwql2yeQyGDJhe9YgNPZzSDP74hg=mo,Tadi milih harga yg murah ternyata spd motornya juga bagus.,5,0,5.77.1,2026-09-26 02:22:01,,,5.77.1,Gojek
af6fe048-e51b-4a9a-a5b7-35f32c8bc2a0,Rahman Hakim,https://play-lh.googleusercontent.com/a-/ALV-UjVGma_thX9CGHwT8bQeoPy-9eIcAoEjbpD109uKexOtMORbOboK,okee....,5,0,5.77.1,2026-09-26 01:52:39,,,5.77.1,Gojek
44b823bb-eca0-4590-b72b-2c0ee6e44102,Keren Margaretta Esmeralda,https://play-lh.googleusercontent.com/a/ACg8ocITgT8CJiZhUYAEzvZAJOtoOX-JCDWt8n90QSKryoyr99lr_bQ=mo,"Pihak gojek, kasitau driver drivermu terutama yang motor. Nyetir suka ngebut, ngomong kasar, membahayakan nyawa orang. Kapok kapok kapok banget pakai gojek. mending pindah ke sebelah. bye!!!!",1,0,5.77.1,2026-09-26 01:45:36,"Hai Kak Keren, mohon maaf atas ketidaknyamanannya. Laporan yang kamu sampaikan akan menjadi masukan bagi kami untuk terus meningkatkan kualitas layanan kami ke depannya. Kemudian terkait keluhannya, silakan laporkan melalui menu Bantuan di aplikasi Gojek dengan mengetik ""Driver membahayakan saya saat mengemudi"" pada kolom pencarian ya. ^Maysa",2026-09-26 05:16:57,5.77.1,Gojek
5b7fc246-0cc3-4e80-a5cb-00389b62e6f7,Eri,https://play-lh.googleusercontent.com/a-/ALV-UjWJilnyGqPPFtbxnGOJbianG_h_f08pLYEmz0BUQ-rT9WxntXQ,"Aplikasi nya bagus, perlu selalu update utk maps nya, dan utk telepon sangat perlu dilakukan perbaikan krn seting putus dan error. Semangat terus utk Gojek.",4,0,,2026-09-26 01:26:59,,,,Gojek
16ef1d00-0db4-4f8b-bffc-4dcdbc7912a4,aryo prabangkara,https://play-lh.googleusercontent.com/a/ACg8ocJS0KdzC8GBdWS4Wq3U8q_WDqITCpwil_yqfOpdaa_yijbkkQ=mo,"Banyak drvier goib. Orderan diterima. Ditunggu tidak bergerak. Dicancel tarif makin mahal. Dichat tidak dibalas. Ditelfon tidak ada nomornya. Mending aplikasi biru. Driver responsif, tau keberadaannya, mau jemput atau gk.",1,2,5.77.1,2026-09-26 01:23:19,"Hai Kak Aryo, mohon maaf atas ketidaknyamanannya. Laporan yang kamu sampaikan akan menjadi masukan bagi kami untuk terus meningkatkan kualitas pelayanan kami ke depannya. Kemudian terkait keluhannya, silakan laporkan melalui menu Bantuan di aplikasi Gojek dengan mengetik ""Driver sulit untuk dihubungi"" pada kolom pencarian ya. ^Maysa",2026-09-26 05:14:02,5.77.1,Gojek
19734a33-315e-42d2-9767-5291a4ff5b76,Mulyana Irsyad,https://play-lh.googleusercontent.com/a-/ALV-UjX300iXtamClxWDPcFkcZ6H_VkXJt6li7TioBOjVXqzgKmG72R7,gesit,5,0,5.77.1,2026-09-26 01:06:25,,,5.77.1,Gojek
735f29d3-dfc7-4d0a-8879-a09511824884,mila najmul,https://play-lh.googleusercontent.com/a/ACg8ocJkFN4UbGqjY5GapMzKisX3fncDdulQ9jR1SOZV_hp-QbU5gg=mo,"saya baru update gojek nua, tapi tiap mesan selalu salah titik maps nya. Tolong dong di perbarui, biar driver juga ga bingung",1,0,,2026-09-26 01:05:34,"Hai, Kak Mila. Pastikan kamu sudah memberikan izin akses lokasi untuk aplikasi Gojek dan update ke versi terbaru, ya. Jika titik jemput masih bermasalah, laporkan melalui halaman Bantuan di aplikasi > ketik ""Rute dari/menuju lokasi titik jemput/antar saya bermasalah"" > pilih artikel dan isi formulirnya. Kami siap membantu. ^Maysa",2026-09-26 05:11:55,,Gojek
929d47e4-8276-468e-96b5-185f068ece7e,Tina Febriyant Tina F.,https://play-lh.googleusercontent.com/a/ACg8ocLMh6MRNaFeinL0aqFBPrOel8tcjbX0ZSkU5JLxd9WzSQx5tg=mo,BUAT GOJEK mau nya APA sih!!... Di suruh Update tapi pas di update mlah gak bisa.... MAU ORDER pun gx bisa.... GIMANA SIH!!... ANEH sih!,1,0,4.8.1,2026-09-26 00:44:05,"Mohon maaf atas ketidaknyamanannya Kak Tina. Agar kamu bisa update aplikasi Gojek, pastikan ruang penyimpanan (storage) di ponsel kamu mencukupi dan sistem operasi ponsel kamu mendukung. Semoga informasi ini membantu kamu. ^Maysa",2026-09-26 05:10:23,4.8.1,Gojek
2a928a54-b03e-4a1a-b3a7-5c9f75e11c54,Elram Felicio,https://play-lh.googleusercontent.com/a/ACg8ocLvQETj78UDWTJ3lypTlrOUHqu_zc8tHBHWvzi8FuXU6vvORw=mo,gojek nagasih murah driver makanya driver nya nyebelin.. kadang gak mau jemput ke lokasi kdamg jg pgn sesuai pesanan digojek nya pahal tinggal turu. ke besment.. tp mereka pgn sesuai pesanan tp d gojek nya gak ada alamat yg dijemput ..puihhhh mending pk bluebird sllu d jemput dan dj antar sesuai aplikasi gak menye ky gojek .kesel guah puihhh,4,0,5.77.1,2026-09-26 00:12:59,,,5.77.1,Gojek
e79ec9db-ad30-46a3-a1d2-664006f32a42,HARIS AL MUAZIR,https://play-lh.googleusercontent.com/a-/ALV-UjVFx4FNcqLKNQ3EcwP3W2CKw-aZhBOuTkchVheQTDgF6yq_rmd8,sudah beli tapi palet data beluk masuk,1,0,5.76.2,2026-09-25 23:59:00,"Hai Kak Haris, mohon maaf atas ketidaknyamanannya. Agar dapat dibantu lebih lanjut, silakan laporkan melalui menu Bantuan (pada menu Profil Saya) di aplikasi Gojek dengan mengetik ""Pulsa/Paket Data belum masuk"" pada kolom pencarian. Semoga informasi ini membantu kamu. ^Maysa",2026-09-26 00:56:28,5.76.2,Gojek
0d0c6c68-c676-4874-a768-7a4184970fb4,Peler Lu,https://play-lh.googleusercontent.com/a/ACg8ocLsjLpkfFAufX9KGf4twHLig8MfHPs8aW9TtgPZ0xnLQbzUNQ=mo,"drivernya untuk gofood terlalu lama, gada kompensasi sama sekali dr gojeknya terkait waktu.",1,0,,2026-09-25 23:43:21,"Hai Kak @Peler Lu, mohon maaf keterlambatan pengiriman pesanan mu. Agar dapat dibantu lebih lanjut, silakan laporkan melalui menu Bantuan (pada menu Profil Saya) di aplikasi Gojek dengan mengetik ""Saya menunggu pengiriman terlalu lama"" pada kolom pencarian. Semoga informasi ini membantu kamu. ^Maysa",2026-09-26 00:54:32,,Gojek
e9e959ec-68d9-4736-8144-e5dd76e2691d,Fadhila Salma,https://play-lh.googleusercontent.com/a/ACg8ocLBiWH4WeX5L_5kdOyE6CLzEr0m830sqctYef8_ftG8EL3q_g=mo,"gila yaa udah nunggu sejam lebih pesanan makanan malah di batalin gojek, sampe aslam lhoooo ini laper butuh makan",1,0,5.77.1,2026-09-25 21:11:45,"Hai Kak Fadhila, mohon maaf atas ketidaknyamanannya. Laporan yang kamu sampaikan akan menjadi masukan bagi kami untuk terus meningkatkan kualitas layanan kami ke depannya. Jika kamu memiliki pertanyaan atau kendala lainnya, silakan kunjungi menu Bantuan di aplikasi Gojek kamu. ^Maysa",2026-09-26 00:53:09,5.77.1,Gojek
0ae1c9aa-fe8d-4a5e-87a7-f144c89da1e8,Almanika Fatma yunita,https://play-lh.googleusercontent.com/a/ACg8ocKapuk1mZGr41v79fTFJsd6XxVJZA4jvIbRVkupI3kBWGwVRzDP=mo,busuk bgt lo,1,0,5.77.1,2026-09-25 20:53:42,,,5.77.1,Gojek
6ce4d1fd-db2d-4825-b5a2-7eb81a48741c,Samsul.G,https://play-lh.googleusercontent.com/a-/ALV-UjX8Erc6diVAdn13ERkSy0aR-5cI632I6-z5a2g3v21IgL0byVQ,"liat detail pembayaran di riwayat pesanan bandingin sama struk pembayaran yang di makanan itu bisa beda jauh gimana si????, harga makanan 24 ribu, giliran di detail pembayaran 59 ribu, sok sok an ada diskon padahal cuman manipulasi doang najis asli dah ga transparan",1,0,5.77.1,2026-09-25 19:00:52,"Hai Kak Samsul, mohon maaf atas ketidaknyamanannya. Agar dapat dibantu lebih lanjut, silakan laporkan melalui menu Bantuan (pada menu Profil Saya) di aplikasi Gojek dengan mengetik ""Ketidaksesuaian harga di aplikasi"" pada kolom pencarian. Semoga informasi ini membantu kamu. ^Maysa",2026-09-26 00:46:48,5.77.1,Gojek
dbc9d343-0b06-4b96-a0a7-276a89d598dc,aldira aurelia,https://play-lh.googleusercontent.com/a-/ALV-UjXd6kJptoe4UDGmdZcSl6XQgiPKtbDC2w5JeW42WK8GX94LH7w,"overall bagus, cuma bisa ngga iklannya jgn terlalu berlebihan? kadang tanda silangnya suka boongan dan jadinya kebuka aplikasinya, itu mengganggu bgt. semua org jg tau dan bnyk yg pake aplikasi ini, jadi iklannya jgn dibuat terlalu berlebihan..",5,0,5.77.1,2026-09-25 18:13:07,,,5.77.1,Gojek
ab6df7f2-fceb-4b04-8262-e855ec1f36c9,Yefon Pah,https://play-lh.googleusercontent.com/a/ACg8ocJi2wVOLEclMZpNO6UOJspA_CHRUCpXXBQGPFoUWkznEXCT8Q=mo,mantap,5,0,5.77.1,2026-09-25 18:07:28,,,5.77.1,Gojek
4c92dbad-09b6-4892-90f4-8ea7727fbbc1,Wuk Wuk,https://play-lh.googleusercontent.com/a/ACg8ocItISMAAT40R5cNK_DB3P2ByHVWJXiuA--xJmJm73tXFBN5ng=mo,Terimakasih Atas Konfirmasi dan Vertipikasinya,5,0,,2026-09-25 17:43:42,,,,Gojek
4be74e46-b2e8-4028-8614-233b315a7903,Rizky Bulam,https://play-lh.googleusercontent.com/a/ACg8ocJ4tsuJDAqg_lxKhLDI171K7Gb4gPrQuPJxSbYzk8kQM06yTw=mo,Ongkir makanan kemahalan dan susah dapat driver gak pada niat kerja ini gw rasa driver nya,1,0,,2026-09-25 17:37:16,"Mohon maaf atas kendalanya Kak Rizky. Kesulitan mendapatkan driver bisa terjadi karena meningkatnya jumlah pengantaran di jam sibuk, atau tidak ada driver di dekat titik penjemputan. Mohon menunggu beberapa saat dan coba Kembali, ya. Jika ada pertanyaan lain, silakan kunjungi menu Bantuan pada aplikasi Gojek-mu, ya. ^Maysa",2026-09-26 00:42:15,,Gojek
d4fc918c-c61b-4f3a-bb37-28d1713d6736,Yanuar Hafidh,https://play-lh.googleusercontent.com/a-/ALV-UjU7Z3vyNWCV4_rHKQImLPylV8BQZSNNuSMTJGFWc2zgqiEF47Bq,Aplikasinya oke,5,0,5.77.1,2026-09-25 16:45:21,,,5.77.1,Gojek
7f648bee-9918-42d9-a203-766e8018ebec,Bajul Joos,https://play-lh.googleusercontent.com/a/ACg8ocLrTqe_uq3zlvXY6xsLRjAtfgKDYROKHHzG-6jr35pyoNcRtA=mo,joooosss,5,0,,2026-09-25 16:34:57,,,,Gojek
061a06e9-d847-4857-b068-274ca5bd486f,amirul ramadhan,https://play-lh.googleusercontent.com/a/ACg8ocKgNJOAPtwbpPydVUjEO_v7lBc5_cHdLbmPICC06zE_Ck1p7g=mo,good,5,0,5.77.1,2026-09-25 16:11:36,,,5.77.1,Gojek
db13dbd8-cea6-4f3a-8e15-44c63011c622,muhammad brillian,https://play-lh.googleusercontent.com/a/ACg8ocKaex2XJ85fDmAdaNN1sk5vb0Dp5iueY1w6mwVcDx0ILgpC2A=mo,"kenapa pengajuan pinjamannya lama sekali, sudah hampir 1 jam masih belum bisa TTD kontrak",1,0,5.77.1,2026-09-25 16:04:42,"Hai Kak Muhammad, mohon maaf atas ketidaknyamanan yang kamu alami terkait GoPay Pinjam. Agar masalahnya dapat segera kami bantu, silakan ceritakan lebih lanjut kepada kami melalui email ke support@findaya.co.id dan cantumkan kode psr-26-268-1633-07786 di subjek email, ya. Terima kasih. ^Mita",2026-09-25 16:33:15,5.77.1,Gojek
c2b0a4ff-e966-4876-9b97-0cdae49221dc,Reza Padilah,https://play-lh.googleusercontent.com/a/ACg8ocJDL4VJyxUviKLE1w423uTKiySwyefguSfnz3SaAS-cUxyQA7U=mo,so far good,5,0,5.77.1,2026-09-25 16:02:23,,,5.77.1,Gojek
721751b3-66bc-4751-8382-b079a537cf46,Andika Whisnu,https://play-lh.googleusercontent.com/a-/ALV-UjXxJxyAygp8CI19LMIcJJd7MjMwSfF5J-i6IN6m-DlLtIHeMGY,"gojek kayak taiii setiap saya pesan gofood selalu saja tidak dapat driver, udah nuggu 1 jam an malah orderan batal tolong lah perbaiki jangan mengecewakan saya sendiri sudah lapar nuggu 1 jam eh malah batal",1,0,5.72.1,2026-09-25 15:59:18,"Mohon maaf atas kendalanya Kak Andika. Kesulitan mendapatkan driver bisa terjadi karena meningkatnya jumlah pengantaran di jam sibuk, atau tidak ada driver di dekat titik penjemputan. Mohon menunggu beberapa saat dan coba kembali, ya. Jika ada pertanyaan lain, silakan kunjungi menu Bantuan pada aplikasi Gojek-mu, ya. ^Mita",2026-09-25 16:04:57,5.72.1,Gojek
bcb161d3-5668-4313-8ac4-a2ff39b2c6d8,Junaedi Nedi,https://play-lh.googleusercontent.com/a-/ALV-UjURaVVADK05q95GP2BSMHVA3PvNLw1fV7IZoNG45acUvJGgVQRb,mantap.. perjalanan nyaman dan terkesan dengan pelayanannya,5,0,5.77.1,2026-09-25 15:58:13,,,5.77.1,Gojek
6ec6a3b6-4796-4751-b797-3701a06e6773,Denie Reyhan,https://play-lh.googleusercontent.com/a/ACg8ocI2GqMc-iGyD-WVKU5q8R1XKWiLZuBKlWJ-iMa0Cg0VcGTpWQ=mo,Mantap,5,0,5.77.1,2026-09-25 15:57:29,,,5.77.1,Gojek
16879636-d5d5-405d-bdd6-b9a2e9b4495b,Ika Noviasari,https://play-lh.googleusercontent.com/a/ACg8ocKo_To1d7PeIFSZlAIm69OwEmxh0nMFZN5Gm6UBCIJH97FMhw=mo,tolong untuk bisa hapus riwayat perjalanan nya,4,0,5.77.1,2026-09-25 15:54:53,,,5.77.1,Gojek
cc9e6e50-66aa-4619-be0a-65b6e8374ce2,wahyu sutrisno,https://play-lh.googleusercontent.com/a/ACg8ocISOy2die_ALGjvlAl50TL-qd-YqoN2BAl8nY64WHF7TgqPLg=mo,"kesel banget dengan sistem pengambilan dobel order gocar! tadinya driver udah oke, pas udah deket drivernya mampir dulu nggak tau ngapain, kyknya ngedrop penumpang lain. habis itu lokasi saya dilewatin gitu aja tanpa ada informasi. order yg kedua baru dibales chat setelah 20 menit, terus disuruh nunggu 20 menit lagi. infonya ngedrop penumpang lain juga. pas di jalan mau jemput masih ngambil penumpang lain juga. dari awal order, satu setengah jam nunggu baru dapat kendaraan. 😡",1,0,,2026-09-25 15:30:49,"Hai Kak Wahyu, mohon maaf atas keterlambatan Driver. Agar dapat dibantu lebih lanjut, silakan laporkan melalui menu Bantuan (pada menu Profil Saya) di aplikasi Gojek dengan mengetik ""Driver menjemput terlalu lama"" pada kolom pencarian. Semoga informasi ini membantu kamu. ^Mita",2026-09-25 16:03:12,,Gojek
4e685596-d23b-46dc-a106-f97faff08a3a,Rixuzy Kyuto,https://play-lh.googleusercontent.com/a/ACg8ocK3M1khmxsoN6-IystbOO2Xc5cRPER4llw-FjzLcD-Asz2ocQ=mo,semoga hadir di tembilahan Indragiri hilir riau.. soalnya banyak outlet makanan sudah disini,5,0,,2026-09-25 15:25:59,,,,Gojek
176c1c40-7b5f-4c31-ba4a-c7ca764a4aab,Silvi Juwita,https://play-lh.googleusercontent.com/a-/ALV-UjU2TLcOV7fV4LWyRIAzFN32j3vcBBKiA1_atzsMyfti2aDUJ34,"min, bantu dong. saya udah lebih dari 24 jam transfer dari gopay ke bank, tapi uang nya belum masuk sampai sekarang, dan juga kenapa tulisan di riwayat nya bilang sukses, sedangkan uang nya belum masuk?",5,0,5.77.1,2026-09-25 15:15:18,"Hai Kak Silvi, pastikan nomor rekening sudah benar dan kamu sudah cek halaman Riwayat. Jika setelah 2x24 jam di hari kerja saldo belum juga bertambah, silakan laporkan melalui menu Bantuan > ketik 'Transfer saldo ke bank atau e-wallet belum diterima' dan cantumkan kode psr-26-268-1504-44845 pada bagian 'Ceritakan lebih lanjut'. ^Mita",2026-09-25 15:04:52,5.77.1,Gojek
41eb64a1-4031-4bb6-98aa-038aeb0708bc,pakihj,https://play-lh.googleusercontent.com/a/ACg8ocJJgaMf-Yk0ojvex2HMWo8bjU1DfJb2vIZKdh1RMSFvoF6yEm0=mo,buruk,1,0,5.77.1,2026-09-25 14:58:05,,,5.77.1,Gojek
780a6046-1dcb-4a60-bceb-a0e46ec95013,Tris Diantura,https://play-lh.googleusercontent.com/a-/ALV-UjWcemv9g1vc4idC3YGYWiGyl6aWj7rdwVWbq87MrDhmRh8y_8E,ok banget,5,0,,2026-09-25 14:21:10,,,,Gojek
9b71972d-af96-4ab9-945b-8a9ea9eb20c7,kakeru kato,https://play-lh.googleusercontent.com/a-/ALV-UjVdaSnkeZ8AZjlECOoVDMnd3lmzWbVk8MljP65TtfEz1daqr0Vd,"kasih bintang tiga, karna diskon gofood gak bisa dipake padahal sudah melebihi min. pembelian aneh jadinya, baru kali ini",3,0,,2026-09-25 13:59:09,"Hai Kak Kakeru, mohon maaf atas ketidaknyamanannya. Pastikan kamu memenuhi syarat & ketentuan yang berlaku, kode voucher yang dimasukkan sudah sesuai. Jika masih tidak bisa, silakan laporkan hal ini melalui halaman Bantuan > ketik ""Tidak bisa menukarkan kode promo"" di kolom pencarian > pilih artikel dan lengkapi form-nya. ^Mita",2026-09-25 15:03:09,,Gojek
c93d8cf6-ea65-4436-a5bd-78157e4c8310,Kala Neige,https://play-lh.googleusercontent.com/a/ACg8ocIvXuOv3AeKQk-oCRVGHdUuMldpiRP61DkeFRa3b3H-myd4VA=mo,sangat mudah untuk pesan tiket KRL Jogja -Solo.,5,0,,2026-09-25 13:10:45,,,,Gojek
4fa48668-8885-40c5-b91e-b46fc400ec28,Vivo Indonesiaa,https://play-lh.googleusercontent.com/a/ACg8ocLgM6niICMqSJCcfhU0hqDWXwhn1uAaalqk-_FUcjbjTn7JbA=mo,"untuk aplikasi gojeknya sih bagus, untuk gofood nya cobalah perbaiki lagi, masa dgn mudahnya ke pesen makanan, giliran emang beneran mesen makanan ga dapet dapet driver, dibatalin juga gabisa hadehh. ga jelas gofood, mending di aplikasi sebelah",3,0,,2026-09-25 13:00:22,"Hai Kak Vivo, mohon maaf atas ketidaknyamanannya. Ke depannya, jika kamu mengalami hal serupa, klik 'Butuh Bantuan' pada halaman pemesanan, lalu pilih alasan pembatalan yang sesuai, ya. Pesananmu akan dicek terlebih dulu. Jika kamu memiliki pertanyaan lain, silakan kunjungi menu Bantuan pada aplikasi Gojek. ^Mita",2026-09-25 15:01:29,,Gojek
dddf9ca8-c5fb-4b45-be2c-adb951b1333b,Nana Pelitayana,https://play-lh.googleusercontent.com/a-/ALV-UjWC41h9KTKGNckdS3DxiqVND-1Ho_chLsioPEl1HjNgpFO7zdNJ,bre****k ga kenal tempat nyampah disetiap aplikasi,3,0,5.76.2,2026-09-25 12:59:40,,,5.76.2,Gojek
88f25926-79af-414e-812f-251527e0e856,Jeson Paul Satyawan,https://play-lh.googleusercontent.com/a/ACg8ocKbaBNHtgmM1tl8HSdRtTXTS6-yvBZLm-4dJOg1OwTyYpQ7NA=mo,"kadang drivernya jauh-jauh (padahal pakai yang gojek cepat), driver kadang-kadang gatau jalan jadi harus nunggu lama(apalagi kalau sedang buru-buru bikin kesal), pas pesen gofood -- makanannya ada yang udah ditunggu lama tapi masih belum disiapin padahal udah nunggu hampir 2 jam(KAYAK PENIPU YANG JUALAN)(mungkin 1 jam lagi baru DISIAPIN bukan DIANTAR) belum lagi kompensasi hanya voucher S*ALAN(kalau mau pesen makanan mending di Shopee Food)(Real gak bohong), selebihnya mungkin normal-normal aja",1,0,,2026-09-25 12:59:26,"Hai Kak Jeson, mohon maaf atas keterlambatan Driver. Agar dapat dibantu lebih lanjut, silakan laporkan melalui menu Bantuan (pada menu Profil Saya) di aplikasi Gojek dengan mengetik ""Driver menjemput terlalu lama"" pada kolom pencarian. Semoga informasi ini membantu kamu. ^Maysa",2026-09-25 00:50:49,,Gojek
26c81fca-5f89-4f99-befe-bf0eb7ce963c,Ramadhani Zahra,https://play-lh.googleusercontent.com/a/ACg8ocK_6GL_0Q-KOHAxnbXld5OW80QcozfVqQQNz2G521uTAxQe9Q=mo,💖💖💖,5,0,,2026-09-25 12:41:34,,,,Gojek
eec898df-a020-48dd-a8c4-c0a1c36917c0,Moh Toriki,https://play-lh.googleusercontent.com/a/ACg8ocK8EXkTE25FEgS8haBvyMkaiDKodElzmIxz6OJIpvoYLOKsKA=mo,makin buruk,1,0,,2026-09-25 12:37:57,,,,Gojek
37d81c17-ba81-4c48-8033-5021d07da32b,Kusnoto Kris,https://play-lh.googleusercontent.com/a/ACg8ocIudOEH6-i5SVZZxgFAKaQjQhNHAaj4NXc7LYVRhXoYRoC5Tw=mo,mudah mudahan Bermanfaat selalu 👍🙏☺️,5,0,,2026-09-25 12:36:29,,,,Gojek
5e683399-3047-4ea7-941c-4b7850c56fd1,Ahmad Hadian,https://play-lh.googleusercontent.com/a/ACg8ocJOAp_xX_FNFybJQlNpJiitaeO4GnMc4ZCaVE7m8it48mwmlA=mo,keren,5,0,5.77.1,2026-09-25 12:30:00,,,5.77.1,Gojek
4c698d96-d3d0-440c-b828-f3c88591cc0a,Rosfika 06,https://play-lh.googleusercontent.com/a/ACg8ocI7kMWwUHGwa-cK-XIXLwSQ6y0zxIhOzGU__7WDaIyJ4GFEcA=mo,untuk go food dan gocar coba ya kalo mau narik gtu bawa uang recehan .jgn kebiasan kalo d minta kembalian selalu bilang baru narik & ngk ada uang kecil . aku kan minta kembalian jg udh AQ lebihin 10-15 k .ngk semua se kaya gini cuma kebanyakan bilang nya baru dpt order dsb . males aja kaya gtu jatoh nya Aku nya ngk iklas sama sebel.,4,0,5.77.1,2026-09-25 12:19:29,,,5.77.1,Gojek
d6c2984e-d456-43b6-854e-5bafb47f6c65,ItzFrost 8879,https://play-lh.googleusercontent.com/a/ACg8ocJKVJrAxnrQg8cf92W9uku-qDVgufAnrRQx0K82-J_j4oINv6Qc=mo,"sudah beberapa tahun berlalu semenjak saya Komen ini, Jujur tidak ada perubahan dan makin Ke sini makin Muahal, Ngga Pas aplikasinya untuk kaum mendang mending Di gofood, seriusan dah, makin ada biaya biaya ngga jelas di tambahin, biaya kantong, Biaya ini lah, biaya itu lah, Ngga Pas Untuk kaum mendang mending. nyoba tes harga Beli di Resto Ini, katanya Ongkir Diskon cuma Di masukkin ke biaya ""Penanganan"", waktu lihat rinciannya Bisa bisa nya jadi 25 ribu an, resto ngga jauh amat dh cuma Ngaur",1,0,5.77.1,2026-09-25 12:12:56,"Mohon maaf atas ketidaknyamanannya Kak @ItzFrost 8879. Fokus GoFood secara keseluruhan adalah untuk terus memberikan pengalaman kuliner terbaik bagi pelanggan. Biaya Pemesanan dan Biaya Jasa GoFood digunakan untuk meningkatkan layanan kepada pengguna aplikasi, termasuk pengembangan layanan melalui inovasi dan teknologi. ^Mita",2026-09-25 12:39:51,5.77.1,Gojek
d463d462-40bc-48b1-b89d-fe65415fcbd6,Yatno Saja,https://play-lh.googleusercontent.com/a/ACg8ocJjnrTXw8wdRpVQNfdCvwSo-JoS8LAwimnfpvDMFkrBT80EHQ=mo,pilih hemat sudh nuggu lama tetap gk dpt driver,1,0,5.77.1,2026-09-25 12:02:33,"Mohon maaf atas kendalanya Kak Yatno. Kesulitan mendapatkan driver bisa terjadi karena meningkatnya jumlah pengantaran di jam sibuk, atau tidak ada driver di dekat titik penjemputan. Mohon menunggu beberapa saat dan coba kembali, ya. Jika ada pertanyaan lain, silakan kunjungi menu Bantuan pada aplikasi Gojek-mu, ya. ^Mita",2026-09-25 12:35:15,5.77.1,Gojek
d3236ae4-d084-4665-80d1-78698e6176fc,Yudha Pratama,https://play-lh.googleusercontent.com/a-/ALV-UjVGWXeHwcNQBLL4x7mhS3sKYuQ_lEFoFb8Wa8V7-XeXWDDO2aWu,promo2nya kok gk bsa dipake semua,1,0,,2026-09-25 11:42:38,"Hai Kak Yudha, mohon maaf atas ketidaknyamanannya. Pastikan kamu memenuhi syarat & ketentuan yang berlaku, kode voucher yang dimasukkan sudah sesuai. Jika masih tidak bisa, silakan laporkan hal ini melalui halaman Bantuan > ketik ""Tidak bisa menukarkan kode promo"" di kolom pencarian > pilih artikel dan lengkapi form-nya. ^Mita",2026-09-25 12:08:29,,Gojek
c10e8899-66ff-4712-8d4f-bb2b8c156709,discount 1,https://play-lh.googleusercontent.com/a/ACg8ocIF3riyLUhJ3Hh39kO_kBzaBrCSq7MShhJR0rEwWz4DqLnjiQ=mo,SUMPAH NYARI DRIVER SUSAH BANGETTTTTTT. SEKALI NYA DAPETTT LAMAAA BANGETTTTTT GA BERGERAK DI RUTEEEEE. TOLONG PERBAIKI YAHH. TIAP HARI HARUS SABAR BUAT DAPETIN DRIVERRR. DAN TOLONG JANGAN KIKIR,1,0,,2026-09-25 11:31:49,"Mohon maaf atas kendalanya Kak@discount 1. Kesulitan mendapatkan driver bisa terjadi karena meningkatnya jumlah pengantaran di jam sibuk, atau tidak ada driver di dekat titik penjemputan. Mohon menunggu beberapa saat dan coba kembali, ya. Jika ada pertanyaan lain, silakan kunjungi menu Bantuan pada aplikasi Gojek-mu, ya. ^Mita",2026-09-25 12:07:17,,Gojek
acb7b4d0-c9cc-4458-9ad9-b0fe78bf4aa8,Cicih Suwarsih,https://play-lh.googleusercontent.com/a/ACg8ocI1hiXaTPPL4MvXs9v3oGCms1Lk39X472ck-QUY_59ZxMxZLA=mo,"transaksi sering,mau pembayaran belanja atau perjalanan,tapi pengajuan gopay pinjaman nya ga pernah sX pun d acc,,MENGECEWAKAN,mending uninstall z apk gak berguna ini dan beralih ke apk sebelah ny",1,0,,2026-09-25 11:25:29,"Hai Kak Cicih, mohon maaf atas ketidaknyamanan yang kamu alami terkait GoPay Pinjam. Agar masalahnya dapat segera kami bantu, silakan ceritakan lebih lanjut kepada kami melalui email ke support@findaya.co.id dan cantumkan kode psr-26-268-1149-04932 di subjek email, ya. Terima kasih. ^Mita",2026-09-25 11:49:11,,Gojek
b96fc15d-3fdf-4e4e-95ae-38d3667c892d,Muhamad Salam,https://play-lh.googleusercontent.com/a/ACg8ocKodIq5ciNucb-60_1eaJLxGT49oUdIWbKmf7Be6I86D2qC=mo,mantap,5,0,5.77.1,2026-09-25 11:23:01,,,5.77.1,Gojek
741289f8-27ec-4350-a1bc-f045eb767536,fauzi yunianto,https://play-lh.googleusercontent.com/a/ACg8ocLMKmvkcmVuXEcbRt0W6TXGzM24ClId08lpHk8eVTWlhafGPA=mo,membantu,5,0,5.77.1,2026-09-25 11:22:49,,,5.77.1,Gojek
5c04fa8a-5206-4de5-b534-ecdefad41ecf,Taufik Hidayat,https://play-lh.googleusercontent.com/a/ACg8ocJqFGzyzIE-6bIkbb0NXpIe05YMp2xwASdlyt7mfsjwn_jUxw=mo,bermanfaat kalau lagi butuh transportasi,5,0,,2026-09-25 10:50:47,,,,Gojek
8714ca73-074e-44c4-bfe8-4cfa99227b4a,Adnan Barkah,https://play-lh.googleusercontent.com/a/ACg8ocIhT01JQRde66j0djcvq6FmpIGEBNkpaC-PAXAMS88u_-y_5Q=mo,driver nya udah pada GK mau duit kah?saya cari driver mau murah atau cepet sama aja nihil.tolong lah bikin emosi aja bngst,1,0,5.67.2,2026-09-25 10:45:03,"Mohon maaf atas kendalanya Kak Adnan. Kesulitan mendapatkan driver bisa terjadi karena meningkatnya jumlah pengantaran di jam sibuk, atau tidak ada driver di dekat titik penjemputan. Mohon menunggu beberapa saat dan coba kembali, ya. Jika ada pertanyaan lain, silakan kunjungi menu Bantuan pada aplikasi Gojek-mu, ya. ^Mita",2026-09-25 11:02:33,5.67.2,Gojek
e00553d8-55ab-4a7d-a524-81619f48c9ea,Ummu Hudzaifah,https://play-lh.googleusercontent.com/a-/ALV-UjXLDKEZ9cPWUx_UHNJ2YS4eimR1uUEr-IHsUr10lIEg3-8WI5SX,terimakasih pak sudah tepat waktu,5,0,5.77.1,2026-09-25 10:34:17,,,5.77.1,Gojek
043e4ce8-6681-44b1-a2ea-8846e309d153,Ikhsan Raditya,https://play-lh.googleusercontent.com/a/ACg8ocIt_w3lyXg-M1Yz-NTrs_HSCXy2LIEmpSm62u2r8oJZbnRLEg=mo,JOSJIS,5,0,5.77.1,2026-09-25 10:31:56,,,5.77.1,Gojek
203f0c1b-710e-4eae-a240-679f12812484,Rico AlxNavitz,https://play-lh.googleusercontent.com/a/ACg8ocJTXhlvbbYrTUF8aYhwOCLBh8U9ajfpWAaGn-9AQvpPSRovluBZ=mo,BAIK,4,0,5.77.1,2026-09-25 10:10:39,,,5.77.1,Gojek
3ed0e7d1-4ba5-4f00-b255-1daf242f0abe,Hi El,https://play-lh.googleusercontent.com/a/ACg8ocKchsHwwRp1Ja3_oWRR3a_iWfsF7QYWPctPIXSOFvk5iocbLQ=mo,"Tolong untuk go food sediakan fitur ganti alamat tujuan! saya biasanya order go food sudah otomatis alamatnya ke rumah, tapi kali ini tag lokasi otomatisnya ternyata di mall. Padahal saya tidak pernah order go food di mall... kalau konfirmasi manual ke driver akan sulit menentukan ongkos tambahan, karena walau liat patokan dr apk tetap saja ada driver yg keliatannya kurang puas, belum lg kalau ada driver yg nakal minta tambahan yg ga wajar. Saya chat ke CS pun tidak membantu.",3,0,5.77.1,2026-09-25 10:00:23,"Hai Kak El, mohon maaf atas ketidaknyamanannya. Kami akan terus meningkatkan kualitas fitur dan layanan kami ke depannya demi kenyamanan semua pengguna. Jika kamu memiliki pertanyaan atau kendala lainnya, silakan kunjungi menu Bantuan di aplikasi Gojek kamu atau email ke customerservice@gojek.com. Terima kasih. ^Mita",2026-09-25 10:33:25,5.77.1,Gojek
dcb33a84-75b3-45e0-9d1a-caa81379ad94,Ahmad Kenan,https://play-lh.googleusercontent.com/a/ACg8ocJAYpQaxv8mGNaSzaWJ-7MoSSNGW4wGw9Ium2xshP4xTgFg2A=mo,oke,5,0,5.77.1,2026-09-25 09:56:58,,,5.77.1,Gojek
4cd9e6b6-0aae-4ebc-b2bf-8a5f26a569f7,cheza eirena,https://play-lh.googleusercontent.com/a-/ALV-UjWhR6qA8pEDBTFkLQ80QaEukVJvGfcuzPlSH8wNRBL0vsbqd7w,aplikasinya makin jelek mampus,1,0,,2026-09-25 09:56:44,"Hai Kak Cheza, mohon maaf atas ketidaknyamanannya. Laporan yang kamu berikan akan menjadi masukan bagi kami untuk terus meningkatkan kualitas layanan kami ke depannya. Jika kamu memiliki pertanyaan atau kendala lainnya, silakan kunjungi menu Bantuan di aplikasi Gojek kamu atau email ke customerservice@gojek.com. Terima kasih. ^Mita",2026-09-25 10:11:56,,Gojek
1f6e16c0-e144-43c9-a6ed-6a15ef3fe531,Sischa RE Sagala,https://play-lh.googleusercontent.com/a/ACg8ocKyM8-drWMzQgLn6EKqEySaX1UB60LmtZ4ZMkUgwpy-seHhMw=mo,"orderan ga saya terima padahal si driver sudah menyelesaikan pesanan, saya complain saldo saya balik terimakasih gojek",5,0,,2026-09-25 09:44:46,,,,Gojek
da91f10b-ba0e-43c9-b2ee-62f7db7ae75d,Aurel Aurel riskia nur fara,https://play-lh.googleusercontent.com/a/ACg8ocJqyGQLG-fRySP1UVuqauHdH1fFdv74h5HnG3ZififlWARjQA=mo,"tolong yang kerja gojek atau apapun itu kalo jalan jangan sambil lihat hp, klo lihat hp tolong lah minggir sebentar masa nyetir sambil lihat hp tadi barusan aja saya di tbrk krna gojek fokus ke hp bukan ke jalan.",1,0,5.77.1,2026-09-25 09:38:03,"Hai Kak Aurel, kami sangat memohon maaf atas kecelakaan yang kamu alami saat menggunakan layanan Gojek, agar dapat dibantu lebih lanjut, silakan laporkan melalui menu Bantuan di aplikasi Gojek > pilih ""Keamanan dan keadaan darurat"" > pilih artikel ""Saya mengalami kecelakaan"". Kami tunggu detail permasalahannya ya. ^Mita",2026-09-25 10:10:31,5.77.1,Gojek
6a5f9272-8ea5-4104-a98c-28aa6e754b49,maisya,https://play-lh.googleusercontent.com/a/ACg8ocIlpjhruppeQHNfrzq4f8E8RIjuz0eSZmKmuV1GufoRbCuKlg=mo,saya pesen gofood yang di perkiraan datang 30 sampai 40 menitan nyata nya 3 jam lebih belum dapat driver setelah menunggu lama ternyata pesanan di batalkan secara otomatis sungguh kecewa apa karena pesanan saya murah? tolong di perbaiki sistem nya kalau bisa datang tepat pada waktu yg di berikan jangan terlalu lala lele ataupun lama,1,0,5.77.1,2026-09-25 09:29:20,"Mohon maaf atas kendalanya Kak Maisya. Kesulitan mendapatkan driver bisa terjadi karena meningkatnya jumlah pengantaran di jam sibuk, atau tidak ada driver di dekat titik penjemputan. Mohon menunggu beberapa saat dan coba kembali, ya. Jika ada pertanyaan lain, silakan kunjungi menu Bantuan pada aplikasi Gojek-mu, ya. ^Mita",2026-09-25 09:55:09,5.77.1,Gojek
f42a21fe-0a12-4c83-a925-641c473c3646,Natasya aml,https://play-lh.googleusercontent.com/a-/ALV-UjW_01rtVIwUP8uFOOoPPBupjGfe3Dl0Kw74wW1xlnn7gMBJwhKJ9Q,"aplikasinya membantu,bagus tapi tidak dengan drivernya. baru cobain pake gojek tp sekalinya nyoba dapat driver yg cetus,kayak ga ikhlas nerima orderan customer entah hanya ke saya aja gtu atau sama ke yg lainnya juga gitu,udh cetus gada terimakasih dan gada senyum sapa buat customer, padahal uang gojek pun saya lebihkan dari jumlah harga aslinya tp tetap saja cetus main nyelonong pergi tanpa terimakasih apapun.",1,0,5.77.1,2026-09-25 09:22:28,"Hai Kak Natasya, mohon maaf atas ketidaknyamanannya. Laporan yang kamu sampaikan akan menjadi masukan bagi kami untuk terus meningkatkan kualitas pelayanan ke depannya. Agar dapat dibantu lebih lanjut, silakan laporkan melalui menu Bantuan (pada menu Profil Saya) di aplikasi Gojek dengan mengetik ""Driver kurang sopan"" pada kolom pencarian. ^Mita",2026-09-25 09:53:36,5.77.1,Gojek
e7495281-8c3c-4166-9fe7-4cc933cfcc0d,Yolandha Rakatiwi,https://play-lh.googleusercontent.com/a-/ALV-UjXo69zNjwc4QrdSMYiv5Bldocy1J58450PiUQljx8-zIQCHy19Y,"sekarang gocar susah kali jemput klo posisi dia dengam kita jauh .. gak mau dia , disuruhnya kita yang cancel .. sialan",1,0,5.77.1,2026-09-25 09:01:46,"Hai Kak Yolandha, mohon maaf atas ketidaknyamanannya. Laporan yang kamu sampaikan akan menjadi masukan bagi kami untuk terus meningkatkan kualitas layanan kami ke depannya. Kemudian terkait keluhannya, silakan laporkan melalui menu Bantuan di aplikasi Gojek dengan mengetik ""Driver meminta pesanan dibatalkan"" pada kolom pencarian ya. ^Mita",2026-09-25 09:51:58,5.77.1,Gojek
b6848d53-c89d-48c0-99aa-e68cc2c6640a,Bungsu Purnomo,https://play-lh.googleusercontent.com/a/ACg8ocK-UWtU47I0gZQonGfdk8n1H_Gkbk-yQCJY3kY7rsxY6Nzi1Q=mo,ok,5,0,,2026-09-25 09:01:34,,,,Gojek
3e8f47d1-abcc-4b38-90e5-36de9854723d,Siti Aisyah,https://play-lh.googleusercontent.com/a/ACg8ocKt4XsqNJulAYdUr5wyCnUvxMDwwE92hyk2fcQXxjDLOcxUZw=mo,"kok ndk bisa chat driver,,udh 2 jam nunggu ni",1,0,5.77.1,2026-09-25 08:49:34,"Hai Kak Siti, mohon maaf keterlambatan pengiriman pesanan mu. Agar dapat dibantu lebih lanjut, silakan laporkan melalui menu Bantuan (pada menu Profil Saya) di aplikasi Gojek dengan mengetik ""Saya menunggu pengiriman terlalu lama"" pada kolom pencarian. Semoga informasi ini membantu kamu. ^Mita",2026-09-25 09:03:58,5.77.1,Gojek
78c0ef87-ba63-4d94-9a8f-3a612eb89ddb,Rider 86,https://play-lh.googleusercontent.com/a/ACg8ocLcZ6TkN4wnqZpxvXSkHYEFfRPfNgQ0Wry5NrxwaB5xNQY4Jl0=mo,bagus,5,0,5.77.1,2026-09-25 08:45:07,,,5.77.1,Gojek
17737e9f-5492-4754-b10b-aa356bd4d627,Yanto Tjie,https://play-lh.googleusercontent.com/a/ACg8ocIflFymWX3VqQ-1t25LRqc1I6xzV86Y9XAGY6BCNLz2TZ80Ag=mo,mantapppp deh dgn app ini semua masalah teratasi.,5,0,5.77.1,2026-09-25 08:41:20,,,5.77.1,Gojek
e191643a-dae7-440c-af3f-52958841b06e,Pengguna Google,https://play-lh.googleusercontent.com/EGemoI2NTXmTsBVtJqk8jxF9rh8ApRWfsIMQSt2uE4OcpQqbFu7f7NbTK05lx80nuSijCz7sc3a277R67g,"sangat membantu, harga bersahabat",5,0,2.10.0,2026-09-25 08:40:24,,,2.10.0,Gojek
18415d05-8b0e-451a-ad6b-d6b587b2626a,Ciera Logan,https://play-lh.googleusercontent.com/a/ACg8ocKlo3KY9VFUCmBouBu5cNxvTdzcY_COFPy8GBFAnGtrDuJByQ=mo,baguss,5,0,,2026-09-25 08:28:47,,,,Gojek
e43ca945-178b-41c8-8d07-bd596d4180ac,Rahman Budiman,https://play-lh.googleusercontent.com/a-/ALV-UjWRxERtXBqySPom0dvr5U2a7c_DTHqxPvIQhPbjn8_wDGmI7xdc,Poko nya nyaman banget pake gojeg..Poko nya terimakasih bang ojol.,5,0,5.77.1,2026-09-25 08:27:42,,,5.77.1,Gojek
422d816d-f118-4d3c-a814-3ea275ded6e0,Rain World,https://play-lh.googleusercontent.com/a-/ALV-UjV8BLzcSMcqlovlongfRQzaqcTL4Qxe7ADGHWCGoUWKvp9ZoyR0,"ni aplikasi masih cacat, hp saya lag dan saya coba refres aplikasinya malah ke dobelan order jir. gw jd g enak tod mau nge cancel salah satunya.",3,0,,2026-09-25 08:23:09,"Hai Kak Rain, mohon maaf atas ketidaknyamanannya. Ke depannya jika terjadi double order kamu dapat melakukan pembatalan dari aplikasi untuk salah satu ordernya ya. Jika kamu memiliki pertanyaan atau kendala lainnya, silakan kunjungi menu Bantuan di aplikasi Gojek kamu. ^Mita",2026-09-25 08:34:43,,Gojek
f33a1ecf-5bbe-4ac5-91da-c0ae6ee5b965,Dessy Andriyani,https://play-lh.googleusercontent.com/a-/ALV-UjX3oyK6iGE_M5gNgLcy-9327uQ_pTFPEcGf6ZVRHtnjudnGB7M,membantu banget pas lagi ga bisa anter jemput anak sekolah,5,0,5.77.1,2026-09-25 08:05:14,,,5.77.1,Gojek
8b27620c-3ad4-43c0-89c2-26b86249f48d,Muhammad Burhanudin Jaffar,https://play-lh.googleusercontent.com/a/ACg8ocI9pNjDYnUw37kx4YUEnQ53FiYGa3nApkA9BWzSJ2TTCjCA=mo,bagus,5,0,5.77.1,2026-09-25 08:00:36,,,5.77.1,Gojek
217e5704-3f90-472c-90a2-2d2f3582341d,Efa Maryanah,https://play-lh.googleusercontent.com/a/ACg8ocJ-IdU-7UF_u24o1omTO-EaOP_WmZ5oOLrs7w2RDbV5a9YaWA=mo,paling enak gunakan aplikasi dari gojek,5,0,5.77.1,2026-09-25 07:40:31,,,5.77.1,Gojek
8ae4305c-99e3-4913-bb03-a18be1596569,Bayu Bahrudin,https://play-lh.googleusercontent.com/a-/ALV-UjUgB12U1kJvH8jPCjvrO-jRB0dl6s7W7OQB151B7DdQDthUJ1L1,Good Job,5,0,5.77.1,2026-09-25 07:39:12,,,5.77.1,Gojek
de014ee7-d60b-4cb0-9eb0-e947aaef6a96,Thalia Aracella Gracia Lexa,https://play-lh.googleusercontent.com/a/ACg8ocLVo-NLbHyTtlr-9w4qbCjTMPngsUhKrExERHNt9s8BdOSPXA=mo,"dear gojek tolong kompatibel kan apk gojek di tab Samsung wifi only karna hanya perangkat itu yg mempunyai ruang untuk menginstal gojek jadi tolong kasihani kami yg ponselnya tidak punya cukup ruang ini, terima kasih banyak",3,0,,2026-09-25 07:38:29,"Mohon maaf atas ketidaknyamanannya Kak Thalia. Agar kamu bisa download aplikasi Gojek, pastikan ruang penyimpanan (storage) di ponsel kamu mencukupi. jaringan internet stabil dan sistem operasi ponsel kamu mendukung. Semoga informasi ini membantu kamu. ^Mita",2026-09-25 08:17:54,,Gojek
c04ec84b-8965-43f0-a5a2-3158ef3e1477,Rahma tari,https://play-lh.googleusercontent.com/a-/ALV-UjWUnp8vmZllf8G0GgG0_3dYtqJol5SdEoffezjzSY-L8EojMVo,aplikasi gojek sangat nyaman digunakan terbukti aman untuk menjemput penumpang,5,0,5.76.2,2026-09-25 07:05:23,,,5.76.2,Gojek
87cf77ac-7c54-4815-93d8-6130b8886abb,Raka Purwaka,https://play-lh.googleusercontent.com/a-/ALV-UjXfinaLPbJH4S4VSIdjJaX0bwevVydF7d6XQOtjT_CEzI4y8qkM,sekarang sering eror pada customer dan driver,3,0,5.77.1,2026-09-25 06:57:44,"Hai Kak Raka, mohon maaf atas ketidaknyamanannya. Pastikan kamu sudah menggunakan aplikasi Gojek versi terbaru dan internet stabil, ya. Jika masih berkendala, silakan laporkan melalui halaman Bantuan > ketik ""Kendala tampilan dan notifikasi"" di kolom pencarian > pilih artikel dan lengkapi formulirnya. Kami siap membantu. ^Maysa",2026-09-25 07:36:11,5.77.1,Gojek
289083d5-fd64-435b-b077-ffc0d346eb42,Abang Ojol91,https://play-lh.googleusercontent.com/a/ACg8ocIfdqWdRkiEp2-e1AXNeUlIzEBeeLU2yLp04D-9-ammBY_qOA=mo,sangat membantu,5,0,,2026-09-25 06:56:14,,,,Gojek
53b1b62f-020e-471d-80c0-4d88f86f905e,Dewi Cimumed,https://play-lh.googleusercontent.com/a-/ALV-UjUqfzit9FP8E38f-xR4EFhI3yiO5OJRQcvh3jJ_IkKf_RdPSvXU,"makin keseni makin susah dapat driver padahal opsi ongkir yg di ambil yg paling mahal tapi sangat mengecewakan bukan hanya sekali tapi berkali² ini terus terjadi , sudah dapet driver tapi bolak balik di cancel tolong ya di perbaiki sistem kalian kita pesan gojek ambil pilihan cepat sampain tu rela bayar mahal tapi malah nunggu dapet drivernya aja lebih dari 30 menit ngehek .",1,0,5.77.1,2026-09-25 06:39:00,"Mohon maaf atas kendalanya Kak Dewi. Kesulitan mendapatkan driver bisa terjadi karena meningkatnya jumlah pengantaran di jam sibuk, atau tidak ada driver di dekat titik penjemputan. Mohon menunggu beberapa saat dan coba Kembali, ya. Jika ada pertanyaan lain, silakan kunjungi menu Bantuan pada aplikasi Gojek-mu, ya. ^Maysa",2026-09-25 07:35:06,5.77.1,Gojek
fdaeda69-e2b7-4b88-aee5-b40856a4e837,Sandi Pratama,https://play-lh.googleusercontent.com/a-/ALV-UjWFgeecaNMFWpJpYq4WgkJuMYC8Mk0rq2cV-kWxfTZRmXE3slBUnQ,"dear pt gojek indonesia, team anda suruh menghapus pesan kritikan kami para mitra, menu bantuan anda aja tdk berfungsi. klau memang perusahaan besar, siap dikritik?? sungguh ironis, dibalik kata gojek peduli mitra, hanya rekayasa ke publik brp banyak nyawa mitra yg gugur krna sistem yg anda desain hanya untuk keuntungan pribadi anda sendri. saya pribadi memperlakukan customer seperti anda memperlakukan kami. buah jatuh kgk jauh dari pohonny",1,4,,2026-09-25 06:35:26,"Hai Kak Sandi, mohon maaf untuk kendalanya. Laporan yang Kakak sampaikan akan menjadi masukan bagi kami untuk terus meningkatkan kualitas layanan kami ke depannya. Jika Kakak memiliki pertanyaan atau kendala lainnya, silakan kunjungi menu Bantuan di aplikasi Gojek Driver App kamu. ^Maysa",2026-09-25 07:33:49,,Gojek
c14ae64b-b8b5-4fed-bebb-78bd4b00cbef,Azriadi Sholeh,https://play-lh.googleusercontent.com/a-/ALV-UjUhgpkfPqUVGXpCgniHZ-DTvOvmHaDSG2txHcDBqyN-nXUzzOvoXg,Bagus,5,0,5.77.1,2026-09-25 05:56:35,,,5.77.1,Gojek
25c86bb9-51dd-4a5c-a75d-73ad557d9c71,Diyah Vita loka,https://play-lh.googleusercontent.com/a/ACg8ocKwu1sUxItEM3TR6xwub-9Ze792h1A3yBAfeQzec8V_bwHE-A=mo,lama2 maps loe ngacooooooooo jarak yg harusnya Deket jadi jauhhhhhhhhh ngerugiin driver bgt sm customer,1,0,5.77.1,2026-09-25 05:52:46,"Hai, Kak Diyah. Pastikan kamu sudah memberikan izin akses lokasi untuk aplikasi Gojek dan update ke versi terbaru, ya. Jika titik jemput masih bermasalah, laporkan melalui halaman Bantuan di aplikasi > ketik ""Rute dari/menuju lokasi titik jemput/antar saya bermasalah"" > pilih artikel dan isi formulirnya. Kami siap membantu. ^Maysa",2026-09-25 07:32:08,5.77.1,Gojek
eaff0513-91cb-4765-895c-35facb1a0e4c,Bambang Dwijokangko,https://play-lh.googleusercontent.com/a/ACg8ocLyWhY-LYyFUrZpp2Ap8FReTAh1PLsV5DT7uKjfJleM295x1A=mo,susah dapet driver food..,1,0,5.37.1,2026-09-25 05:46:41,"Mohon maaf atas kendalanya Kak Bambang. Kesulitan mendapatkan driver bisa terjadi karena meningkatnya jumlah pengantaran di jam sibuk, atau tidak ada driver di dekat titik penjemputan. Mohon menunggu beberapa saat dan coba Kembali, ya. Jika ada pertanyaan lain, silakan kunjungi menu Bantuan pada aplikasi Gojek-mu, ya. ^Maysa",2026-09-25 06:25:43,5.37.1,Gojek
cfba15fa-479a-4da3-87be-e007e57bae02,Suriana Xie,https://play-lh.googleusercontent.com/a-/ALV-UjWNb4dWv4BZExqrehRC2_zAaaLy-KsG9l9Axv7_2Mi3HZDZJ0Rl,driver makin ugal-ugalan bahkan kurangg tata krama makin malas saya aplikasi ini..,1,0,5.77.1,2026-09-25 05:39:22,"Hai Kak Suriana, mohon maaf atas ketidaknyamanannya. Laporan yang kamu sampaikan akan menjadi masukan bagi kami untuk terus meningkatkan kualitas layanan kami ke depannya. Kemudian terkait keluhannya, silakan laporkan melalui menu Bantuan di aplikasi Gojek dengan mengetik ""Driver membahayakan saya saat mengemudi"" pada kolom pencarian ya. ^Maysa",2026-09-25 06:24:12,5.77.1,Gojek
8e3253d6-9e82-438a-abf1-445deffb1dd2,Alisha Shaza,https://play-lh.googleusercontent.com/a/ACg8ocJyIYNW4mVEsmnq0j1IT-uC8waTPjdXsI9YaENvcx1eWfEarQ=mo,mantap,5,0,5.77.1,2026-09-25 05:34:40,,,5.77.1,Gojek
66627fa1-0bf2-4746-86d8-675ab3e872a9,Bayu Prasetyo,https://play-lh.googleusercontent.com/a-/ALV-UjWymCC-nI5GCzPbfUNPjxmBN3HXsiGNgELoAbAHjw_fVI1EnVk,"saya driver , Kenapa saya mendaftr di bali ,lalu saya pulang ke JATIM Buat NARIK Malah Sepi.?? BUKANNYA GOJEK ITU Se'INDONESIA.??? . JAWAB.!!!!",1,0,,2026-09-25 05:33:52,"Hai Kak Bayu, mohon maaf untuk kendalanya. Laporan yang Kakak sampaikan akan menjadi masukan bagi kami untuk terus meningkatkan kualitas layanan kami ke depannya. Jika Kakak memiliki pertanyaan atau kendala lainnya, silakan kunjungi menu Bantuan di aplikasi Gojek Driver App kamu. ^Maysa",2026-09-25 06:22:54,,Gojek
52e76cac-ec25-495d-ba64-fcf2b58e7a0d,Eko Budi,https://play-lh.googleusercontent.com/a/ACg8ocKhjsgZA5KMTUgOC1ymdO-SZdcbLulwhCEPGbYN-r0lF6-iwQ=mo,selamat berkendara terima kasih,5,0,5.77.1,2026-09-25 05:25:02,,,5.77.1,Gojek
1ee35f2e-0447-4945-8195-0e79b3faa1cd,S,https://play-lh.googleusercontent.com/a/ACg8ocJxF2m6XnJgPWx3T4mZVyvO46fgihrfB8OYyr6SiQogaEmEjA=mo,berguna,5,0,5.77.1,2026-09-25 05:20:36,,,5.77.1,Gojek
983b15df-bf2f-479c-a7a7-6449f5f44904,Elsa Inggita,https://play-lh.googleusercontent.com/a-/ALV-UjVTsyYNNbCfRteR_vBHh0CXZIiU4g9sPVE00MhK5mHkinQsUDAk,"kecewa sekali dengan pelayanan gojek, sekarang pesan bisa sampai berjam-jam dan pada akhirnya tetap tidak ada driver atau kalau dapat driver suka di cancel sendiri oleh drivernya. komplain ke cs pun percuma tidak mendapatnya solusi sama sekali. Tolong dong diperbaiki kalau seperti ini terus pasti customer pada pindah ke apk lain yg lebih baik pelayanannya",1,0,5.68.1,2026-09-25 05:11:32,"Hai Kak Elsa, mohon maaf atas ketidaknyamanannya. Laporan yang kamu sampaikan akan menjadi masukan bagi kami untuk terus meningkatkan kualitas pelayanan kami ke depannya. Kemudian terkait keluhannya, silakan laporkan melalui menu Bantuan di aplikasi Gojek dengan mengetik ""Driver membatalkan pesanan saya"" pada kolom pencarian ya. ^Maysa",2026-09-25 05:39:22,5.68.1,Gojek
3ee31a03-f5f2-46a2-b102-6f3b55b7af95,Daniel Egana,https://play-lh.googleusercontent.com/a/ACg8ocKcRgQmETXlouvmFdw16mr2UEGAvCE1hb9_8vf1UOqttv8Npg=mo,❤️,5,0,,2026-09-25 04:56:46,,,,Gojek
90f53e7d-15a3-4f11-a562-b437d8bf812d,05_Arya Novanda,https://play-lh.googleusercontent.com/a-/ALV-UjUIFUByeKAyMsOVjSjX3oLq1Vxs5_06slz_a2myf_UQxntrA54,"Sudah pakai fitur jemput cepat, dapat driver jauh minta dicancel, ok, cari lagi dan dapat driver tidak bergerak dan tidak dapat dihubunyi, pencarian sangat amat lama, 15 menit total saya habis menunggu, belajarlah dari Maxim, sekali order tidak sampai 1 menit dapat driver. Saya sudah habiskan banyak uang ya di gojek ini, semakin tahun kalian semakin memburuk saja.",1,0,5.77.1,2026-09-25 04:51:07,"Hai Kak Arya, mohon maaf atas ketidaknyamanannya. Laporan yang kamu sampaikan akan menjadi masukan bagi kami untuk terus meningkatkan kualitas pelayanan kami ke depannya. Kemudian terkait keluhannya, silakan laporkan melalui menu Bantuan di aplikasi Gojek dengan mengetik ""Driver sulit untuk dihubungi"" pada kolom pencarian ya. ^Maysa",2026-09-25 05:37:16,5.77.1,Gojek
514cdfd3-e3b4-4c0b-8b2a-624dd3e48b20,dwi saputra,https://play-lh.googleusercontent.com/a-/ALV-UjVh-aoQQNzcpiEAnjwVLZgGU2A8Ld4kXVgSYDHcSMyHheeL_0Jr,"kelamaan ga dapet driver, tidak bisa dibatalkan pesanan gofoodnya. trus konsumen disuruh kelaperan gitu? minimal klo 15 ga dapet driver, bisa dibatalin.",1,0,5.77.1,2026-09-25 04:47:41,"Hai Kak Dwi, mohon maaf atas ketidaknyamanannya. Ke depannya, jika kamu mengalami hal serupa, klik 'Butuh Bantuan' pada halaman pemesanan, lalu pilih alasan pembatalan yang sesuai, ya. Pesananmu akan dicek terlebih dulu. Jika kamu memiliki pertanyaan lain, silakan kunjungi menu Bantuan pada aplikasi Gojek. ^Maysa",2026-09-25 05:28:56,5.77.1,Gojek
fc5e1cc6-7a76-4bd9-bbd6-e5434627e1fd,AA Ngurah Agung,https://play-lh.googleusercontent.com/a-/ALV-UjUxuI1IHPR209G30s2VmOjl6HKsv2ATNP8MjvfahqHBY6VLZhLV_A,Pelayanan ok,5,0,5.77.1,2026-09-25 04:47:18,,,5.77.1,Gojek
c23dc385-aae0-4c94-a0fc-d54a6b498137,Eril Mushari,https://play-lh.googleusercontent.com/a-/ALV-UjXw77tNrdYEfBE_Da_1c-konEFgT5OwgMtGZxgHLnFTd8bU3yg,sangat kecewa belum juga buat pesanan tiba tiba pesan sendiri,1,0,4.85.3,2026-09-25 04:32:54,"Hai Kak Eril, mohon maaf atas ketidaknyamanannya. Ke depannya, jika kamu mengalami hal serupa, klik 'Butuh Bantuan' pada halaman pemesanan, lalu pilih alasan pembatalan yang sesuai, ya. Pesananmu akan dicek terlebih dulu. Jika kamu memiliki pertanyaan lain, silakan kunjungi menu Bantuan pada aplikasi Gojek. ^Maysa",2026-09-25 05:27:13,4.85.3,Gojek
3b0f79d2-9417-40f1-b484-6eeb9801ccc7,Muhammad Santoso,https://play-lh.googleusercontent.com/a-/ALV-UjX4eXxcSaQvexGMfR6OawnA9JpmGFKBnQsEjk7UwcvlEH5cXKnf,makasih gojek,5,0,5.19.2,2026-09-25 04:31:04,,,5.19.2,Gojek
ef60082f-9682-4cef-a3ea-6e84b34937ce,Kim Ya,https://play-lh.googleusercontent.com/a/ACg8ocKM8_CdBKqu2qKMcTulyOBczIJFWOzWTdyeLwsJhDQAhZyKTg=mo,suka banget setiap gk ada yang jemput pasti aku pake gojek mana drivernya Ramah lagi 🙆‍♀️🙆‍♀️,5,0,5.77.1,2026-09-25 04:30:48,,,5.77.1,Gojek
107fd612-caa3-49f4-b7f8-0bc02ce33b40,Alfaro faro,https://play-lh.googleusercontent.com/a/ACg8ocLi_1RKOhMhRW3HNFIVpcfsVR8Ulsj7_rWlp1e2U9bNmIZ2Cw=mo,baguss,5,0,5.77.1,2026-09-25 04:26:28,,,5.77.1,Gojek
6eea193d-4d00-43bc-905f-45c5f0224af8,Qais Zaky,https://play-lh.googleusercontent.com/a/ACg8ocJRxfflLaM36-NTPve5QZh97g0OIDoW-FusINPFLocKI-d7wA=mo,Bagus,5,0,5.77.1,2026-09-25 04:24:34,,,5.77.1,Gojek
c4687369-53fc-4b50-bd49-df4f6256bf14,Randi Latu,https://play-lh.googleusercontent.com/a/ACg8ocLGPaBDR1tyDqyJEqVtzvpJFT9UzWTiVjj2-l8i6GUC2gtkMg=mo,nunggu berjam-jam pesanan enggak datang². taeklah,1,0,5.76.2,2026-09-25 04:13:49,"Hai Kak Randi, mohon maaf keterlambatan pengiriman pesanan mu. Agar dapat dibantu lebih lanjut, silakan laporkan melalui menu Bantuan (pada menu Profil Saya) di aplikasi Gojek dengan mengetik ""Saya menunggu pengiriman terlalu lama"" pada kolom pencarian. Semoga informasi ini membantu kamu. ^Maysa",2026-09-25 05:25:54,5.76.2,Gojek
043d55d8-3b06-48af-bcc0-6e80f735bf12,Hana Salsabila,https://play-lh.googleusercontent.com/a-/ALV-UjVkTMqfKDhXMwXv4a8-Zc5lQCev8Cg93zpXJ0EU6J1fmM0PLBhM,driver nya kebanyakan lama semua,1,0,5.75.2,2026-09-25 04:10:28,"Hai Kak Hana, mohon maaf atas keterlambatan Driver. Agar dapat dibantu lebih lanjut, silakan laporkan melalui menu Bantuan (pada menu Profil Saya) di aplikasi Gojek dengan mengetik ""Driver menjemput terlalu lama"" pada kolom pencarian. Semoga informasi ini membantu kamu. ^Maysa",2026-09-25 05:24:49,5.75.2,Gojek
72b9024e-9b2c-4c97-98cc-94e729088189,Aris Budi Santoso,https://play-lh.googleusercontent.com/a/ACg8ocJwCOP9fkcvcZsZOj5gnzeJGOe_0O7cPjQoPrUTgS-bvqbe-A=mo,"sabar,santun,& nyaman driver yg mengantar aku",5,0,5.77.1,2026-09-25 03:37:52,,,5.77.1,Gojek
cbb3e59e-d377-4062-9c9d-481c23c0342a,fajiro,https://play-lh.googleusercontent.com/a-/ALV-UjU47XYmgeNEajjgXJMlmk9Lbmhu7KPBwEUvCR4C72j0fiRrKcc,"Sistem pengantaran di Gofood ini memang dibuat ngawur ya? Saya pesan makanan dengan pengantaran murah dengan estimasi 40-50 menit sampai, namun ternyata lebih lambat lagi 30 menit. artinya saya nunggu untuk makan selama 1 jam lebih dan secara sepihak tiba2 pesanan dibatalkan. waktu yang saya tunggu sia-sia dan tidak ada konfirmasi apapun. Sehat2 ya tim gombud",1,0,,2026-09-25 03:34:37,"Hai Kak Fajiro, mohon maaf atas ketidaknyamanannya. Laporan yang kamu sampaikan akan menjadi masukan bagi kami untuk terus meningkatkan kualitas layanan kami ke depannya. Jika kamu memiliki pertanyaan atau kendala lainnya, silakan kunjungi menu Bantuan di aplikasi Gojek kamu. ^Maysa",2026-09-25 05:23:06,,Gojek
026e2ddb-de00-4d02-b6d7-b3fcdc332298,Dms Aji_675,https://play-lh.googleusercontent.com/a-/ALV-UjWwZ2n3Ct8WtCsWhUH1JDaBDiQNuc-5Z4elyygmAuuV0-dxhXivXQ,"Sebenarnya aplikasi Gojek cukup membantu, tapi masih ada bbrp hal yg bikin kurang nyaman. Yg paling mengganggu itu soal titik lokasi. Sudah menentukan titik di peta, tp alamat yang terbaca kadang masih kurang sesuai atau kurang presisi, jadi rawan bikin driver salah arah atau harus tanya-tanya lagi. Terus pas pesan makanan, kenapa promo yang bisa dipakai cuma satu? Padahal aplikasi kompetitor bisa masukin 2 promo sekaligus sesuai ketentuan. Jadi kalau bisa aplikasinya dibuat lbh fleksibel lagi.",3,0,5.77.1,2026-09-25 03:15:52,"Hai, Kak Aji. Pastikan kamu sudah memberikan izin akses lokasi untuk aplikasi Gojek dan update ke versi terbaru, ya. Jika titik jemput masih bermasalah, laporkan melalui halaman Bantuan di aplikasi > ketik ""Rute dari/menuju lokasi titik jemput/antar saya bermasalah"" > pilih artikel dan isi formulirnya. Kami siap membantu. ^Maysa",2026-09-25 05:21:42,5.77.1,Gojek
3af27d2b-0b46-447e-a98e-8f9c6b66cccb,Tanti Yusnita,https://play-lh.googleusercontent.com/a/ACg8ocLVAAdwuGHEgES4WHeoLSC5Xkd0QrsaKKzpBzRTcxs-Ks-Zvw=mo,selalu puas dgn pelayanannya,5,0,,2026-09-25 03:09:13,,,,Gojek
4093de05-bf4d-48ce-92b6-e0129073f238,bang pamuji,https://play-lh.googleusercontent.com/a/ACg8ocIW7san_lrWsZrC5LzcEeNLNtHRXjvPu94B00HMfGbtEIxf1w=mo,mantap,5,0,5.77.1,2026-09-25 02:43:32,,,5.77.1,Gojek
5a6880db-38d0-46c7-a013-c4b4142218f9,frengkihotgun damanik,https://play-lh.googleusercontent.com/a/ACg8ocLH9Hr2rCasAu9b2ph5FkirF-qZYaYGflzf8_XRBv-YOxkmSg=mo,"pelayanan customer service nya sanggat mengecewakan dan buruk. sudah berhari hari saya chat dan menyampaikan kendala saya. melalu email, aplikasi, dan akun instagram tidak ada respon. hanya di diamkan saja. wkwkwkwk",1,0,,2026-09-25 02:18:26,"Hai Kak Frengki, mohon maaf atas ketidaknyamanannya. Hal ini akan kami jadikan masukan untuk terus meningkatkan kualitas layanan kami ke depannya. Jika kamu masih mengalami kendala, silakan laporkan melalui email ke customerservice@gojek.com dengan melampirkan kode psr-26-268-0306-34828 pada subject email. Kami tunggu detail laporan kamu ya. ^Maysa",2026-09-25 03:06:46,,Gojek
aecfee25-bae0-4b58-a680-e9d6e23b4f63,Siti Aisyah,https://play-lh.googleusercontent.com/a/ACg8ocJ6S5LKA2RxtzbYzFSUYk64dCK8XTYFc9uZzPZo5SF-HJFidQ=mo,"jlk bgt pelayanan gocar nya org cmn suruh majuin dikit gamau lgsg di cancel tnpa ngmng apa"" trs pas nyri gocar lg susah bgt lama bgt, kecewa berat pdhl klo yg gojek mtr nya enk"" aja",1,0,5.77.1,2026-09-25 01:46:32,"Hai Kak Aisyah, mohon maaf atas ketidaknyamanannya. Laporan yang kamu sampaikan akan menjadi masukan bagi kami untuk terus meningkatkan kualitas pelayanan kami ke depannya. Kemudian terkait keluhannya, silakan laporkan melalui menu Bantuan di aplikasi Gojek dengan mengetik ""Driver membatalkan pesanan saya"" pada kolom pencarian ya. ^Maysa",2026-09-25 02:26:17,5.77.1,Gojek
85f41a25-90bc-4c16-8210-347cb517c9c8,H.A. Siswanto. Anto,https://play-lh.googleusercontent.com/a/ACg8ocIAcFL8WA0qrc3m-WSOWtXPkGyIcpA53sRzT5zeRy_oESy9sg=mo,mantap,5,0,5.77.1,2026-09-25 01:39:09,,,5.77.1,Gojek
333e35c0-a8d4-4d38-b834-d1e6e1278b16,Idrus Salam,https://play-lh.googleusercontent.com/a-/ALV-UjUfjOdNcyS5tNenZmnLbWpMimpUEkhENyjJcfOcTarZ5voAS1s,mantap,5,0,5.77.1,2026-09-25 01:04:07,,,5.77.1,Gojek
4d553b34-caf3-4863-906c-a89d6c1f8fff,Yusuf,https://play-lh.googleusercontent.com/a-/ALV-UjWjxjaaalqmanSP-MU2u6-v2Nl--lb6Yux2tmlXr8eJaSUgOWU,mantap,5,0,5.77.1,2026-09-25 00:37:45,,,5.77.1,Gojek
cd5a8638-031e-4841-9a5b-c087a734af37,Mufli Ali,https://play-lh.googleusercontent.com/a/ACg8ocJ0SQ6ELyZ-aSv524QeqjLsDgyXv0Tq8kfoCAoDsYiFitw6Tg=mo,drivr baik👍,5,0,5.77.1,2026-09-25 00:30:27,,,5.77.1,Gojek
bf1dbdfd-7b1c-4eb3-a24d-94e78dfacb83,Luthfiyyah mutmainah,https://play-lh.googleusercontent.com/a/ACg8ocIa_p3nshaoWQRTVs4x4Pwdw1m3PbbTVTfJcq9XZuqTy-5eKwU=mo,"klo ada keluhan krena driver gk bergerak atau kejauhan tu benerin dong sistemnya jdiin yg dkt, org itu bkn salah customer, malah dipilihin yg lebih jauh",3,0,5.76.2,2026-09-25 00:13:00,"Mohon maaf atas kendalanya Kak @Luthfiyyah. Kesulitan mendapatkan driver bisa terjadi karena meningkatnya jumlah pengantaran di jam sibuk, atau tidak ada driver di dekat titik penjemputan. Mohon menunggu beberapa saat dan coba Kembali, ya. Jika ada pertanyaan lain, silakan kunjungi menu Bantuan pada aplikasi Gojek-mu, ya. ^Maysa",2026-09-25 01:02:50,5.76.2,Gojek
1fb2853f-2cd3-4d68-953c-cbb586d9e625,TANTRI DwiOctavia,https://play-lh.googleusercontent.com/a/ACg8ocLSQrDT86JKa3Wnu6YabkXvGEjczEcePJF0ccLwiBj3_jlLuC6U=mo,"mohon maaf, harus banget ya ambil yang mahal biar dapet driver? padahal drivernya ada yang deket, banyak juga tpi kok g bisa dapet, saya sampe telat kerja gara² ga dapet² kalau emang gamau ambil ya dibatalin dari awal bukan malah udah ditunggu 5menitan ga jalan² tiba² dibatalin, sampe mepet banget lo ini jam kerjanya... gausah ada driver yg kaya gini bisa ga si",1,0,5.72.1,2026-09-24 23:52:42,"Hai Kak Tantri, mohon maaf atas ketidaknyamanannya. Laporan yang kamu sampaikan akan menjadi masukan bagi kami untuk terus meningkatkan kualitas pelayanan kami ke depannya. Kemudian terkait keluhannya, silakan laporkan melalui menu Bantuan di aplikasi Gojek dengan mengetik ""Driver membatalkan pesanan saya"" pada kolom pencarian ya. ^Maysa",2026-09-25 00:59:28,5.72.1,Gojek
c96561cb-d929-4576-96e3-3d6b0a5ee8e8,Althaf Zaky,https://play-lh.googleusercontent.com/a/ACg8ocJEleX07VnQNaOM06OZSAuyNHI3kow0eMUpQ-lAVrDFR0DfNA=mo,"cina indo gojek. saya pilih cina Singapura, GRAB IS THE BEST",1,0,5.77.1,2026-09-24 23:40:36,"Hai Althaf, mohon maaf atas kendalanya. Kesulitan untuk mendapatkan driver bisa terjadi karena meningkatnya jumlah pesanan di jam sibuk, atau karena tidak ada driver di dekat titik resto. Mohon menunggu beberapa saat dan coba kembali. Silakan laporkan melalui menu Bantuan jika kamu memiliki pertanyaan atau kendala lain ya. ^Viska",2021-11-09 01:08:12,5.77.1,Gojek
1984c4b1-99ca-4518-af3a-d535399ef417,Rengge Wanggo,https://play-lh.googleusercontent.com/a/ACg8ocJ-xr-est2MzHgIN7rgKej46A21V04RLC4f8QtOU5msuwIXYw=mo,aplikasinya bagus banget saya sangat suka...🥰🥰🥰🥰,5,0,5.77.1,2026-09-24 23:16:03,,,5.77.1,Gojek
15a77804-45ba-407e-869f-28ad8a91e2c8,June Bryanatta Adhitama,https://play-lh.googleusercontent.com/a-/ALV-UjVbQP7tBk7Bpnnj-r98sdrm0lfILCeFQU9oku1H78QsOpyjT1M,"untuk gofood yang cepaat juga kadang telat walaupun ada kompensasi tp kl keadaan laper juga bete. yang paling parah yang muraah sih, dari waktu pesan ke waktu datang ada 1 jam 30 menit lebih jd lebih oke buat beli di platform lain.",3,0,,2026-09-24 23:11:30,"Hai Kak June, mohon maaf keterlambatan pengiriman pesanan mu. Agar dapat dibantu lebih lanjut, silakan laporkan melalui menu Bantuan (pada menu Profil Saya) di aplikasi Gojek dengan mengetik ""Saya menunggu pengiriman terlalu lama"" pada kolom pencarian. Semoga informasi ini membantu kamu. ^Maysa",2026-09-25 00:43:15,,Gojek
411b9030-0c61-4b43-bc35-c4115ea2c9f4,Mishell Cello,https://play-lh.googleusercontent.com/a-/ALV-UjXYpLfSiwrpvQymgOi4Oe8bFDY143UH0r5yAk7DMwjklavuCJKz,mantaf,5,0,5.77.1,2026-09-24 21:15:08,,,5.77.1,Gojek
f8e58f94-bc75-4c9e-bdb3-cb9a31b34cd8,muhammad rosyad,https://play-lh.googleusercontent.com/a-/ALV-UjUPycSJ1ku6iD3b7f49qZ1Y5MwmUJGtaBDO6vuPqOX3A9tTd6eldg,"driver banyak tapi kalo pembelian murah harus nunggu aceng atau slot gmna sih sistem gojek, harusnya sesuaikan estimasi, kalo udh estimasi ga dapat driver aceng/slot kasih aja driver reguler, jangan mengorbankan costumer",1,0,5.76.2,2026-09-24 20:50:00,"Hai Kak Rosyad, mohon maaf atas ketidaknyamanannya. Laporan yang kamu sampaikan akan menjadi masukan bagi kami untuk terus meningkatkan kualitas layanan kami ke depannya. Jika kamu memiliki pertanyaan atau kendala lainnya, silakan kunjungi menu Bantuan di aplikasi Gojek kamu. ^Maysa",2026-09-25 00:40:01,5.76.2,Gojek
335cb070-9d87-4875-afd0-57ae60821403,taufik Rifki,https://play-lh.googleusercontent.com/a/ACg8ocI4JBbn1hTq0q_Tp2uOMTb1yV0gmHtpNJRp-G2p4v0iUB4eNw=mo,mantap 💪,5,0,,2026-09-24 18:33:46,,,,Gojek
82112395-6140-4008-8929-27955edb6703,CHY,https://play-lh.googleusercontent.com/a/ACg8ocInOXS4jjFiFuSlA4GKKdZW8U9iSeocAXHB2qw0JtZoaTengiI=mo,ok,5,0,5.77.1,2026-09-24 18:07:06,,,5.77.1,Gojek
8b768d62-91c5-4874-b4f0-9198790e4d81,Lilis Suryani,https://play-lh.googleusercontent.com/a/ACg8ocLLnlwY0T7SXILiSeSaoIJwSF3HNFKma7xAV6SLjGTfkQexIw=mo,sangat baik dan menarik apk ini,5,0,5.77.1,2026-09-24 18:04:15,,,5.77.1,Gojek
bdd3473e-3043-45af-99b4-ddd6546d48df,Angga Setiawan,https://play-lh.googleusercontent.com/a/ACg8ocJbPWi9JnUosGi0K-0s1es4AXWQbO61_v7H249zk3MUzTDKDw=mo,mantap,5,0,5.77.1,2026-09-24 18:00:06,"Hai Angga Setiawan, mohon maaf atas kendala yang kamu alami. Mengenai kendala tersebut, silakan laporkan melalui email ke customerservice@go-jek.com dengan melampirkan kode psr-22-0086-0104-31488 pada subject email agar tim kami bisa bantu cek lebih lanjut. ^Ardi",2022-03-27 01:04:14,5.77.1,Gojek
4238670e-9aad-41b8-9178-a50f1e1d244e,Pro Sambu,https://play-lh.googleusercontent.com/a-/ALV-UjW_khj3Rrnx-ckCGkYjlTnV3rLf44tTdvSrLNphiNDR9M6wIMCu,ongkir gofood gak ngotak banget harganya. ya kali jarak 1 km ongkir 20 rebu. padahal dulu gak semahal ini dah,1,0,4.54.2,2026-09-24 17:53:44,"Mohon maaf atas ketidaknyamanannya Kak @Pro Sambu. Terkait ulasanmu, kami selalu berupaya untuk memberlakukan tarif yang terjangkau bagi seluruh pelanggan agar dapat selalu menjaga kualitas pelayanan terbaik. Kami harap kamu senantiasa nyaman dalam menggunakan pelayanan Gojek. Jika ada kendala lain silakan hubungi kami di menu Bantuan. ^Maysa",2026-09-25 00:30:52,4.54.2,Gojek
aa5c34e9-32b9-4916-9904-ac2dfce73205,Ayatullah Rohullah,https://play-lh.googleusercontent.com/a-/ALV-UjVhhYE68pct9WUEJFEVGB5Vq-hboV05RYYuIFcATEz3uMHFmyUX,susah drivernya gak mau ambil order nunggu Berjam jam malah disuruh cancel.,1,0,5.77.1,2026-09-24 17:40:08,"Mohon maaf atas kendalanya, Kak Ayatullah. Kesulitan mendapatkan driver bisa terjadi karena tingginya permintaan saat jam sibuk atau tidak ada driver di sekitar. Silakan tunggu dan coba kembali. Untuk info lebih lanjut, kunjungi menu Bantuan dan cari artikel ""Saya tidak mendapatkan driver"". ^Maysa",2026-09-25 00:29:34,5.77.1,Gojek
7ff62c02-fc3e-41e2-8295-87c71a168f70,Taufik Anggara,https://play-lh.googleusercontent.com/a-/ALV-UjVeiMOm23EFOMvCtJaQlzGuD7uSMD1kNwenzzP2YOVAfcBWink,"di sediain menu opsi murah dengan menunggu lebih lama udah 2 oulet saya menunggu hampir 2 jam malah driver gk ada kalau fitur itu gk bisa menjamin jadi buat apa ada fitur ongkir murah jadi buang"" waktu aja dah kecewa dengan pelayanan nya",1,0,5.77.1,2026-09-24 17:28:50,"Mohon maaf atas kendalanya Kak Taufik. Kesulitan mendapatkan driver bisa terjadi karena meningkatnya jumlah pengantaran di jam sibuk, atau tidak ada driver di dekat titik penjemputan. Mohon menunggu beberapa saat dan coba Kembali, ya. Jika ada pertanyaan lain, silakan kunjungi menu Bantuan pada aplikasi Gojek-mu, ya. ^Maysa",2026-09-25 00:28:26,5.77.1,Gojek
c6a34221-f19d-44be-b404-3efb2fdf1ef6,Ahrun S,https://play-lh.googleusercontent.com/a-/ALV-UjVPXKg2n2d04TYXlhJvS-CUwzPqD4l4u9Z-7coUdxKCFtzHSES9,ok,5,0,5.71.1,2026-09-24 16:53:36,,,5.71.1,Gojek
26e7bf6a-8391-4ab0-8397-70ddbd410672,Yohanes Diki dwiyanto,https://play-lh.googleusercontent.com/a/ACg8ocJ-lCSbIHLp8HvAriQUmzHy9HIICW0nkH10x7xO0TyqbgML-A=mo,"kalau order makanan malem² jangan harap dapet driver deh ,udah 4 kali saya ngga dapet driver . apalagi kalau subuh jangan harap",3,0,5.77.1,2026-09-24 16:48:46,"Mohon maaf atas kendalanya, Kak Yohanes. Kesulitan mendapatkan driver bisa terjadi karena tingginya permintaan saat jam sibuk atau tidak ada driver di sekitar. Silakan tunggu dan coba kembali. Untuk info lebih lanjut, kunjungi menu Bantuan dan cari artikel ""Saya tidak mendapatkan driver"". ^Maysa",2026-09-24 23:17:01,5.77.1,Gojek
8116e850-e764-46be-ad40-18322a9fdf41,Aisaroh Putri,https://play-lh.googleusercontent.com/a/ACg8ocJsvfa7f_NgwuJtIFzgwqlzY9GruF8GLC5W5SRc5S48sTEw9w=mo,ini knpa ga bisa bisa ya saya pesen uda ada 1jam kok gada driver,1,0,5.77.1,2026-09-24 16:46:29,"Mohon maaf atas kendalanya Kak Aisaroh. Kesulitan mendapatkan driver bisa terjadi karena meningkatnya jumlah pengantaran di jam sibuk, atau tidak ada driver di dekat titik penjemputan. Mohon menunggu beberapa saat dan coba Kembali, ya. Jika ada pertanyaan lain, silakan kunjungi menu Bantuan pada aplikasi Gojek-mu, ya. ^Maysa",2026-09-24 23:15:19,5.77.1,Gojek
9f2cf8f3-6434-4757-ab23-7b6805baab20,teguh arif,https://play-lh.googleusercontent.com/a/ACg8ocKLLLmONAxj5z3Hs2oWXMM-NZ4deV8Qu4ZO1iddgqq5VpJ3kQ=mo,"ttep saya apresiasi meskipun tidak bisa dipake dan limit naik tertera masing2 ,apa maunya cb PHP padahal kita juga pengguna lama",5,49,5.74.1,2026-09-24 16:45:21,,,5.74.1,Gojek
f933375d-881b-4d75-aacc-7fa7245fa8cf,Minah Minah,https://play-lh.googleusercontent.com/a/ACg8ocIeJ0hgweMgX_psWyxyyyyv4JnmEZ51ph9JFhEz62S9KLWAlw=mo,gojek Tokopedia & Bank jago Pasti ada jalan,5,0,,2026-09-24 16:34:26,,,,Gojek
a19e7c55-1f47-4106-8364-c390c9c236dd,Nanik,https://play-lh.googleusercontent.com/a/ACg8ocJuWAtUBu0HRR097qbeRNlGxnEyWXfIsvx3zOJOkS9iPnOOrg=mo,bagus,5,0,5.76.2,2026-09-24 16:29:34,,,5.76.2,Gojek
f120bacb-6dd1-4546-a1b6-32f2fc7f3d1e,Ahmad Johari,https://play-lh.googleusercontent.com/a/ACg8ocItR2xt_O4b4K5qIWZ_rr9kohGNt96rnJ4N6fSklTy9yHAnzg=mo,"susah bgt dapet driver nya, udh nungguin ampe ber jam2 blom juga dpt",1,0,5.77.1,2026-09-24 16:02:56,"Mohon maaf atas kendalanya Kak Ahmad. Kesulitan mendapatkan driver bisa terjadi karena meningkatnya jumlah pengantaran di jam sibuk, atau tidak ada driver di dekat titik penjemputan. Mohon menunggu beberapa saat dan coba kembali, ya. Jika ada pertanyaan lain, silakan kunjungi menu Bantuan pada aplikasi Gojek-mu, ya. ^Melodi",2026-09-24 16:31:22,5.77.1,Gojek
5652fdd3-d8e4-41dd-8f11-3d63be9f2150,Muhammad Ramdani,https://play-lh.googleusercontent.com/a-/ALV-UjV7lQE0tZRFVp3z7e9BgxXfLaQ5Kv9skBCBU2bNiqZ2jHqtn6Sl,DRIVERNYA GAK BENER! PADA GAK MAU NGANTERIN! PADA PEMALAS!,1,0,5.76.2,2026-09-24 15:15:53,"Hai Kak Ramdani, mohon maaf atas ketidaknyamanannya. Laporan yang kamu berikan akan menjadi masukan bagi kami untuk terus meningkatkan kualitas pelayanan kami ke depannya. Jika kamu memiliki pertanyaan atau kendala lainnya, silakan kunjungi menu Bantuan di aplikasi Gojek kamu. ^Melodi",2026-09-24 15:38:16,5.76.2,Gojek
75378d46-57db-4222-950e-04c5af58b1f1,Andina Pradita,https://play-lh.googleusercontent.com/a-/ALV-UjUoYTg99cugIlSh2DtAXNnlBGP5cbzzs4Em9jwN3FjbFpvgcug,memang ada promo ongkir 1 rupiah tapi susahnya dapet driver tuhh kebangetan sih kalau susah gausah ada promonya aja sekalian ngeselinn,3,0,5.76.2,2026-09-24 15:14:21,"Mohon maaf atas kendalanya Kak Andina. Kesulitan mendapatkan driver bisa terjadi karena meningkatnya jumlah pengantaran di jam sibuk, atau tidak ada driver di dekat titik penjemputan. Mohon menunggu beberapa saat dan coba kembali, ya. Jika ada pertanyaan lain, silakan kunjungi menu Bantuan pada aplikasi Gojek-mu, ya. ^Melodi",2026-09-24 15:36:28,5.76.2,Gojek
cc813fca-7d3e-4ad8-9b65-22dbecf404ea,Azure 93,https://play-lh.googleusercontent.com/a/ACg8ocJQTgPMq4Rc0jWhzZvgOdyqznXHQUxd3uC6ifK72Npwpz6T2g=mo,"d suruh menghubungi pihak costumer service a+rewad tapi dalam aplikasinya tidak d temukan cs nya payah bnaget mengecewakan beli voucher tapi tidak masuk"" sedangkan saldo nya sudah berkurang",1,0,,2026-09-24 15:14:06,"Hai Kak Azure, mohon maaf atas ketidaknyamanannya. Jika kamu masih mengalami kendala, silakan laporkan melalui email ke customerservice@gojek.com dengan melampirkan kode psr-26-267-1534-02553 pada subject email. Kami tunggu detail laporan kamu ya. ^Melodi",2026-09-24 15:34:23,,Gojek
dd04cf27-c21c-4197-95ad-fbb9867a0f95,Fendi Cool,https://play-lh.googleusercontent.com/a/ACg8ocJhBEcuvABoVK9a1U0i04syek756OufwEk8OcNtBK-ApU9ZuQ=mo,makanan udah siap tapi driver gak ada yang menerima sampai 1 jam aplikasi macam apa ini ❓,1,0,,2026-09-24 14:48:54,"Mohon maaf atas kendalanya Kak Fendi. Kesulitan mendapatkan driver bisa terjadi karena meningkatnya jumlah pengantaran di jam sibuk, atau tidak ada driver di dekat titik penjemputan. Mohon menunggu beberapa saat dan coba kembali, ya. Jika ada pertanyaan lain, silakan kunjungi menu Bantuan pada aplikasi Gojek-mu, ya. ^Melodi",2026-09-24 15:10:19,,Gojek
61195070-c040-43ea-a8ab-f2c198c3061c,Vi andika,https://play-lh.googleusercontent.com/a-/ALV-UjWHfHiJmN8FpoZpPL5W2JJWVxj763MKqqiNvDpDWJMeVtjaHbDq9g,mantap,5,0,5.77.1,2026-09-24 14:33:41,,,5.77.1,Gojek
da6ad7ab-12a9-404d-9186-ea329cf6d897,Salman Hanif,https://play-lh.googleusercontent.com/a/ACg8ocLOrgogMPQpjN-mDi8ikFGDBRrqq8ah0naE7FC6g-kyhZ_Rtw=mo,gojek yatim pas buka gojek malah ga ke load halamannya padahal wifi lancar aja,1,0,5.76.2,2026-09-24 14:27:06,"Hai Kak Salman, mohon maaf atas ketidaknyamanannya. Pastikan kamu sudah menggunakan aplikasi Gojek versi terbaru, ya. Jika masih berkendala, silakan laporkan melalui halaman Bantuan > ketik ""Kendala tampilan dan notifikasi"" di kolom pencarian > pilih artikel dan lengkapi formulirnya. Kami siap membantu. ^Melodi",2026-09-24 15:08:21,5.76.2,Gojek
76f25102-15a9-4408-9aee-f3ba813498c2,Agung Purgatory,https://play-lh.googleusercontent.com/a/ACg8ocK571iWU4f1UscLuHifHrYZe-cbw-kSLPV7utBD3ZwT2_5zWw=mo,estimasi waktunya mohon di perbaiki lagi..!!pesen makan lama juga gpp asal pasti sesuai estimasi ini udah lama estimasi molor lg molor lg.tolong hargai waktu pelanggan juga lah.,1,0,4.89.1,2026-09-24 14:17:03,"Hai Kak Agung, mohon maaf keterlambatan pengiriman pesanan mu. Agar dapat dibantu lebih lanjut, silakan laporkan melalui menu Bantuan (pada menu Profil Saya) di aplikasi Gojek dengan mengetik ""Saya menunggu pengiriman terlalu lama"" pada kolom pencarian. Semoga informasi ini membantu kamu. ^Melodi",2026-09-24 15:06:41,4.89.1,Gojek
cea12b1e-67df-4bef-aff4-49b990ea33b1,Dewi Tri Usari,https://play-lh.googleusercontent.com/a-/ALV-UjX_5zteLqtu5u2vv1ZFkfxGBAW3lQNeKeUCRA_AO477SHXo8e5mNA,"games go cats. dr pagi hari ini gak bisa di akses sampai sekarang. dah kasih mkn kucingku 27 hari. kurang 3 hari dpt koin 1500, eh tau2 g bisa di akses. rugi dong. besok klo dah BS d akses pasti balik awal lagi. 27 hari yg sia2🙄",5,98,5.73.2,2026-09-24 13:59:29,,,5.73.2,Gojek
bdcb5fdc-65b2-4f6f-adfd-6f20e9f5db59,rendi irawan,https://play-lh.googleusercontent.com/a-/ALV-UjVvYwIx4DCdyVFXtATaDc0zcN7mGbjPKj19k7p90xBcxbfyYg7D,"Hapus ongkir MURAAAH!!! itu, nyusahin. Murah, iya. tapi sampe 2x2 jam ga ada yang ngambil itu orderan",2,0,5.77.1,2026-09-24 13:55:56,"Mohon maaf atas kendalanya Kak Rendi. Kesulitan mendapatkan driver bisa terjadi karena meningkatnya jumlah pengantaran di jam sibuk, atau tidak ada driver di dekat titik penjemputan. Mohon menunggu beberapa saat dan coba kembali, ya. Jika ada pertanyaan lain, silakan kunjungi menu Bantuan pada aplikasi Gojek-mu, ya. ^Melodi",2026-09-24 14:26:22,5.77.1,Gojek
380986de-4b8a-400e-9701-27a05db9e305,Topan Haryadi,https://play-lh.googleusercontent.com/a-/ALV-UjWfvxjLzBn8KsGyV8RwsvMnUshJXAmx_3oYz5Vn6CHovpQGCno,mau masuk aplikasi aja ribet banget harus verifikasi wajah....,1,0,,2026-09-24 13:39:15,"Hai Kak Topan, mohon maaf atas ketidaknyamanannya. Pastikan kamu mengambil foto selfie dengan pencahayaan yang baik dan wajah terlihat jelas. Jika masih berkendala, silakan laporkan detailnya melalui email ke customerservice@gojek.com dan cantumkan kode psr-26-267-1424-08514 pada subjek email. ^Melodi",2026-09-24 14:24:29,,Gojek
ad70a89a-6c4a-41b4-8841-af5f7655f811,Berty Aulia,https://play-lh.googleusercontent.com/a-/ALV-UjUL86vODDo873wgI37WW0XJZ3Hx3T_J3vITkn1pPcYmoDpTNnE,"saya pesan gofood 1,5 jam tidak ada driver yg ngambil. saya kelaparan tapi tiba tiba pesanan saya di cencel dari pihak gojek!! mentang mentang saya pesen dikit jadi gaada driver yg ambil gitu? apa gimana maksudnya?",1,0,5.77.1,2026-09-24 13:33:12,"Mohon maaf atas kendalanya Kak Berty. Kesulitan mendapatkan driver bisa terjadi karena meningkatnya jumlah pengantaran di jam sibuk, atau tidak ada driver di dekat titik penjemputan. Mohon menunggu beberapa saat dan coba kembali, ya. Jika ada pertanyaan lain, silakan kunjungi menu Bantuan pada aplikasi Gojek-mu, ya. ^Melodi",2026-09-24 14:22:32,5.77.1,Gojek
7595e891-e17e-465a-9ec2-0018d229942d,Angelina Kayla,https://play-lh.googleusercontent.com/a/ACg8ocLLPQONZlMQU_j5LHG69ikG-KYR3gnZDwvlDeaFTlcI8w7NBQ=mo,terimakasih ya bapak🙏😘,5,0,5.77.1,2026-09-24 13:07:56,,,5.77.1,Gojek
ac56f68b-772b-405b-bf7a-fc7646c0ce8a,Rayita Bagastya,https://play-lh.googleusercontent.com/a-/ALV-UjWDOd2TwSqVeTE6_MV-yV1xq5VpG0pZ9ifL_ocA6codVFyac39d,sangat terbantu sekali 👍,5,0,5.77.1,2026-09-24 12:19:05,,,5.77.1,Gojek
920ed724-7d0f-4426-93d4-b566bd292e3d,Puji Rekno Wulandari,https://play-lh.googleusercontent.com/a/ACg8ocIK_ipo1AVYDA8FWaOb8M3em_n2Z9bnWhz0rga1fekNF6K7Ow=mo,ongkjr jangan mahal2 dong,5,0,5.77.1,2026-09-24 12:00:29,,,5.77.1,Gojek
002c1016-6596-4de9-9199-9e239b46ad4a,Mega Maharani,https://play-lh.googleusercontent.com/a/ACg8ocISyvdmsT4bYWF_nlJ0y2VOaXftYzFLK0J_bbBvf5Ifkya0=mo,"belakangan ini susah banget dpt driver untuk gofood, entah diwiyalah saya aja atau gmna pagi siang sore malam susah sekali mana tunggu estimasi dpt drivernya lama bgt udh lama² tunggu tetep gadapet akhirnya pesanan dibatalkan badmoodnya lg klo lg beneran laper mlah di permainkan gjls, buruk sekaliiii tolong ditingkatkan lg pelayanannya dan smoga ada solusi untuk keluhan² seperti saya!",1,0,5.77.1,2026-09-24 11:56:55,"Mohon maaf atas kendalanya Kak Mega. Kesulitan mendapatkan driver bisa terjadi karena meningkatnya jumlah pengantaran di jam sibuk, atau tidak ada driver di dekat titik penjemputan. Mohon menunggu beberapa saat dan coba kembali, ya. Jika ada pertanyaan lain, silakan kunjungi menu Bantuan pada aplikasi Gojek-mu, ya. ^Melodi",2026-09-24 12:07:39,5.77.1,Gojek
51f531b5-9589-4144-ba25-4dd3964f774f,Kesuma Wenar,https://play-lh.googleusercontent.com/a/ACg8ocK8TnjBuJRJ5p91XlljNzv17RHXhsSs7mvki3zqsLou_L3McIs=mo,"belum ada sejam gojek dapat notifikasi gofood atau di suruh naik gocar/gojek pas update terbaru tidak jelas baru buka notifikasi dari aplikasi gojek muncul terus, tolong di perbaiki sistem aplikasi gojek nya",5,0,5.77.1,2026-09-24 11:25:50,,,5.77.1,Gojek
62794113-a6ee-45d0-a64d-2d440758fafc,Nanaryum,https://play-lh.googleusercontent.com/a-/ALV-UjWUC3GpQ36_v2GkxFJ9gwh1JsryR0lqVv3oleuJy3K6wyJTBYjr,harga g ngotak😹💔,1,0,5.77.1,2026-09-24 11:07:48,"Mohon maaf atas ketidaknyamanannya Kak Nanaryum. Terkait ulasanmu, kami selalu berupaya untuk memberlakukan tarif yang terjangkau bagi seluruh pelanggan agar dapat selalu menjaga kualitas pelayanan terbaik. Kami harap kamu senantiasa nyaman dalam menggunakan pelayanan Gojek. Jika ada kendala lain silakan hubungi kami di menu Bantuan. ^Maysa",2026-09-24 11:34:40,5.77.1,Gojek
78feb742-0e60-4c94-a2dd-5a9da97afb44,One's One's,https://play-lh.googleusercontent.com/a-/ALV-UjWXcbvEeqewLQIVLWQvZLjuPIT0GVxgjR2WXL4vXk5-bccoIUC_2Q,cemunguutttt....💪,5,0,5.77.1,2026-09-24 11:03:45,,,5.77.1,Gojek
db5bf077-10f4-41ad-8036-da0b0fdaaf0b,Ari Gabriel,https://play-lh.googleusercontent.com/a/ACg8ocIR400QYpz3Nim4gYrrzuOXen9_vfBMLOJ_rt9lxZidX3N8PQ=mo,aplikasi pilih kasih!!!! masa temen gw dpt 30 gw dpt 60!!!,1,0,5.77.1,2026-09-24 10:52:03,"Mohon maaf atas ketidaknyamanannya Kak Ari. Terkait ulasanmu, kami selalu berupaya untuk memberlakukan tarif yang terjangkau bagi seluruh pelanggan agar dapat selalu menjaga kualitas pelayanan terbaik. Kami harap kamu senantiasa nyaman dalam menggunakan pelayanan Gojek. Jika ada kendala lain silakan hubungi kami di menu Bantuan. ^Melodi",2026-09-24 11:02:22,5.77.1,Gojek
d7b3136a-5e2d-4931-8041-26fa73411d03,Amelia Puji Gustini,https://play-lh.googleusercontent.com/a/ACg8ocLR8L2RGl2wOP9YdPHts3BtmIT0oShETT8YTflYrCzUMKBIgA=mo,"Aplikasi yg bagus dan sangat membantu, saya sudah lama menggunakannya, ada fitur gamenya jg 👍",5,0,5.6.1,2026-09-24 10:45:31,,,5.6.1,Gojek
d2cb206d-4c9c-4641-8327-b6afe656fc83,Rrisna,https://play-lh.googleusercontent.com/a/ACg8ocIImJBFO_cCX5GOLZE0xJBamI7RAeX_2CEe7VVRtPxpcIlBtw=mo,"kalo buka aplikasi sering di posisi rangkuman transaksi, blank, nggak bisa diapa2in. harus restart HP, lama jadinya mau pesen. udah update terbaru dan udah clear cache, sama aja. aplikasi oon. kan udah dibilangin, ini udah versi terbaru dan udah clear cache",1,0,5.77.1,2026-09-24 10:43:54,"Hai, Kak Risna. Mengenai kendala tersebut, silakan untuk clear cache aplikasi dan gunakan aplikasi Gojek versi terbaru. Jika masih berkendala, silakan laporkan melalui menu Bantuan di aplikasi Gojek kamu atau email ke customerservice@gopay.co.id. Terima kasih. ^Maysa",2026-09-24 10:40:37,5.77.1,Gojek
53781bc7-fe6b-45b2-8990-438d5f51e359,jejein aja,https://play-lh.googleusercontent.com/a/ACg8ocLmLNrlmyetdblYPsYnFngpbCZtrFzrFeccb_zgZzVbMeMgVw=mo,keren nih,5,0,,2026-09-24 10:30:24,,,,Gojek
31547367-6673-4b8f-98d8-7923a7b3077b,Sugiwati 01,https://play-lh.googleusercontent.com/a-/ALV-UjUlXIO-d2dLIdf5PDZSr61xQzQ8SDUS-YJ2EU00uxoZluqHJLc,cepat dan sopan pake atribut gojek baik dan bersih,5,0,5.77.1,2026-09-24 10:21:06,,,5.77.1,Gojek
990f8355-6eaf-4992-b682-25269ec9ec03,ASHARI EKASAPUTRA,https://play-lh.googleusercontent.com/a-/ALV-UjW7bX5sU2CLde8fUJSyOODRDfWCPDKRCF5DBXXHnxTsK-E1BUM,Mantap,5,0,5.77.1,2026-09-24 10:17:08,,,5.77.1,Gojek
fc901aa3-f946-46a4-a6cc-9ccf568d676d,Moon _idk,https://play-lh.googleusercontent.com/a-/ALV-UjXuI0knNBxzTk__nb5zKPZ3ghxf3Nc61K57zbRr6DGY95pcJIw,makanan nya suka tepat waktu :>,5,0,5.77.1,2026-09-24 10:14:23,,,5.77.1,Gojek
72b7866f-0382-4417-93c6-bc5e7314f068,erry suryawati,https://play-lh.googleusercontent.com/a/ACg8ocJS9ya2uXN5gGYW7mv15ZEP72vegoINjQMjhCahuBVQgl2UzA=mo,"Dengan aplikasi Gojek, memudahkan saya untuk berpergian kemana saja dengan harga terjangkau, petugas ramah dan amanah",5,0,,2026-09-24 10:01:55,,,,Gojek
abe4574c-50c1-411b-a639-851c7ef74ee4,Ade Achdiyat,https://play-lh.googleusercontent.com/a/ACg8ocKFaBumuyStxk41mZjm6m6_eReUJJeYyYckZbxaXXuhd5oVmYA=mo,"Tidak MANUSIAWI dan tidak PANCASILA is ongkos untuk driver² nya. Padahal driver lah yg banyak keluar modal, Kendaraan, oli, hp, bensin, quota, tenaga, dll Driver sendiri yg keluarin dgn uang sendiri, tanpa bantuan aplikator. aplikator cm modal aplikasi doang, tapi ongkos cm 8000, 7000, 5000. Murahan bgt. CUKUP APA uang segitu? Buat gantiin bensin doang, cuih...?? Pake otak dong, kasihan jerih payah driver² di jalanan. JANGAN BIKIN CAPE DAN SAKIT HATI SEMUA DRIVER, Berdosa TAU...!",1,2,5.77.1,2026-09-24 09:44:18,"Hai Kak Ade, mohon maaf atas ketidaknyamanannya. Laporan yang Anda sampaikan akan menjadi masukan bagi kami untuk terus meningkatkan kualitas pelayanan kami ke depannya. Jika Anda memiliki pertanyaan atau kendala lainnya, silakan kunjungi menu Bantuan di aplikasi GoPartner Anda. ^Mita",2026-02-21 06:05:17,5.77.1,Gojek
f6e45231-86b7-4ee7-9062-8e65145160d0,Alifa Aulia rahman,https://play-lh.googleusercontent.com/a/ACg8ocKbX4_R29BPpKknx5jbXFZ-pW4XjQIn1Y3Ym1Jv6wlyzNSEPg=mo,"GOJEK GW KNP GABISAA PESEN GO FOOD ANJIR TULISAN NYA COBA LG MULU PADAHAL SINYAL GW OKE+PAKE WIFI+PAKE KUOTA sebel bgt mana lg puasa, mau beli buat bukaan gabisa :(",2,0,5.77.1,2026-09-24 09:22:42,"Mohon maaf atas kendala yang dialami, Kak Alifa. Sebelum bertransaksi, pastikan sinyal internet bagus dan sudah pakai aplikasi Gojek versi terbaru, ya. Jika masih berkendala, laporkan melalui halaman Bantuan di aplikasi > ketik ""Tidak dapat melakukan pemesanan"" di kolom pencarian > pilih artikel dan lengkapi formulirnya. Kami siap membantu. ^Maysa",2026-09-24 09:40:52,5.77.1,Gojek
644ed7bd-e14a-49ae-a967-17e342c95b90,Muhammad Adib B,https://play-lh.googleusercontent.com/a-/ALV-UjULjCfa4xTWJLtO2yy_MtEVdNM6Z7QhBYlQpVfcyiwpH0Xt3TUI,bagus aplikasinya,5,0,5.77.1,2026-09-24 09:19:38,,,5.77.1,Gojek
3e6f7b6a-51d6-4055-bef2-8aac9d4aed9a,Misla Wati,https://play-lh.googleusercontent.com/a-/ALV-UjXa_jCRis2RrkfltCz_xCp2Qc0Sb8dr7OAlCs6YItbc80_88S9f,pokoknya oke dah supir nya,5,0,5.77.1,2026-09-24 08:58:09,,,5.77.1,Gojek
f8c932cb-def0-4c9d-ad1e-260378e2fd32,Risky Kucing,https://play-lh.googleusercontent.com/a-/ALV-UjVPkosWsaBjcFmbp_cZA0hLrW9cmJan_KAedzeZiAfchYIVfUQ,sangat seru saya sering ketemu saya ABG ABG yg seru sekali,5,0,5.77.1,2026-09-24 08:48:16,,,5.77.1,Gojek
21699d1d-8394-478b-ba3c-9628d765f203,Lutfi Kumalasari,https://play-lh.googleusercontent.com/a/ACg8ocIFr6XVGQYcgbM-eS96Oxgz6_IW5uIZVJn86W0XIIuGhJ2VZw=mo,salah klik tujuan.... bisa edit dong.... drivernya helpful,5,0,5.73.2,2026-09-24 08:45:09,,,5.73.2,Gojek
0c9af174-61cf-41af-a06b-cd98f21585c4,Asiah Jamil,https://play-lh.googleusercontent.com/a-/ALV-UjW_i5PIftPGb65EMfEkiZD5_HsK9c72UOmM7u-6vFv23A4XWZnZ,drivernya baik banget🙏🙏,5,0,5.76.2,2026-09-24 08:12:44,,,5.76.2,Gojek
ce7de369-5b6f-469b-b08e-d70536a783a9,Lia Hk,https://play-lh.googleusercontent.com/a-/ALV-UjW03tNoJokjytCPKEs-dqtv9YYAqbNzYF1MrGmE3i6lunfVCPI,sudah seminggu kenapa pesen makanan atau gosend atau goshop muter2 aja gak bs bekerja loading2 trus .. tolong donk cs gojek ..kenapa ya,5,0,5.77.1,2026-09-24 07:39:56,,,5.77.1,Gojek
00d7a241-9d33-4bcd-8697-41c5e2639747,wahyu sutiyanto,https://play-lh.googleusercontent.com/a/ACg8ocJiQK2uAzlS2XLhY5_roUaDNEzuQcNbgG9MywF6yrgTNPcsHA=mo,GOOD,5,0,5.77.1,2026-09-24 07:28:56,,,5.77.1,Gojek
41e8fefb-02db-47fc-9c17-5ab46ef533c6,Styven Yohendri putrawansyah,https://play-lh.googleusercontent.com/a-/ALV-UjVTABE8pec1TDcYEp63V3R1gaCL8013D8NJHi7iSQ84l68t32lh,"gblokkk, log out sendiri akun org, bodokkkk",1,0,5.77.1,2026-09-24 07:27:15,"Hai Kak Styven, mohon maaf terkait hal yang kamu alami. Pastikan sinyal internetmu stabil, gunakan aplikasi Gojek versi terbaru, aktifkan 'App Permission'/'Izinkan Aplikasi', lalu logout kemudian login kembali. Untuk kendala login lainnya, silakan mengakses halaman bantuan login pada aplikasi Gojek. ^Maysa",2026-09-24 08:07:14,5.77.1,Gojek
fa74ce85-90a6-45d7-ae36-974e9cc61767,Ardiani Yusnita,https://play-lh.googleusercontent.com/a/ACg8ocIv_CcHsjN0LBwznBByi7gRuK5Dm8ZV46_euxX1bJU-2vTabw=mo,bagus,5,0,5.17.1,2026-09-24 07:16:26,,,5.17.1,Gojek
503b5f08-47c3-4d77-a4d5-6bcb549f1245,Najwa Mutiara,https://play-lh.googleusercontent.com/a-/ALV-UjUmcpRM6-6r31MrklyTAu1jx7AayG5tjGRRjnlWPpR4rgjiqEvyaw,klo pesen gofood ga dpt driver trs gila udh nunggu lama taunya cancel cancel cancel.,1,0,5.75.2,2026-09-24 07:09:44,"Mohon maaf atas kendalanya Kak Najwa. Kesulitan mendapatkan driver bisa terjadi karena meningkatnya jumlah pengantaran di jam sibuk, atau tidak ada driver di dekat titik penjemputan. Mohon menunggu beberapa saat dan coba kembali, ya. Jika ada pertanyaan lain, silakan kunjungi menu Bantuan pada aplikasi Gojek-mu, ya. ^Mita",2026-09-24 07:59:59,5.75.2,Gojek
f52b2cef-7571-45a5-bed9-a295392e596e,Khanafi Khanafi,https://play-lh.googleusercontent.com/a-/ALV-UjVlxLLbUV9jXOp_jNLEpRdLLAVSfBE5hBgMg8OQDcu54B6Q_2J6,ok,5,0,5.77.1,2026-09-24 06:40:54,,,5.77.1,Gojek
c4a5a857-9da8-4000-98c6-b4f72eba7ee0,KevinPacar Raz,https://play-lh.googleusercontent.com/a-/ALV-UjVdCGcw5c2uaw1MmU09lSUPKo33-i-wov_hXJ79-OEhgAY_mfg,"Gaada gunanya banget bikin fitur murah sama cepat, coba resto yang diluar jangkauan gabisa milih, mana ongkirnya 30+ lagi, jangan selfish pls.",1,0,5.70.1,2026-09-24 06:37:08,"Hai Kak Kevin, mohon maaf atas ketidaknyamanannya. Laporan yang kamu sampaikan akan menjadi masukan bagi kami untuk terus meningkatkan kualitas layanan kami ke depannya. Apabila ada pertanyaan atau keluhan terkait layanan Gojek, silakan laporkan melalui menu Bantuan di aplikasi Gojek agar tim kami bisa bantu cek ya. ^Maysa",2026-09-24 07:11:30,5.70.1,Gojek
402c95df-218b-4e64-ac4a-f71c791f0148,BWA 87,https://play-lh.googleusercontent.com/a-/ALV-UjVi8zEXDzqN535D3T7ZLzkJ4lE0KcooGBwikKJDdq-6pfarpkG-qg,"di permudah gofood atau ojek yang mengantar makanan, saya sudah 3 kali pesan ayam bakar utuh dan 2 tempe goreng di resto iga bakar dan sop buntut ny suwarti, ada drefer yang mungutang dan lunas hutang lagi 50.000 janjinya kamis Minggu lalu di bayar sampai sekarang belum di bayar, aplikasi di update, malah tidak bisa di cek driver gofood sudah sampai di mana, saat pembayaran gopay tidak bisa minimum bayar 100.000, baru saja pesan gofood terlalu banyak telat",1,3,5.77.1,2026-09-24 06:24:22,"Hai Kak @BWA 87, mohon maaf keterlambatan pengiriman pesanan mu. Agar dapat dibantu lebih lanjut, silakan laporkan melalui menu Bantuan (pada menu Profil Saya) di aplikasi Gojek dengan mengetik ""Saya menunggu pengiriman terlalu lama"" pada kolom pencarian. Semoga informasi ini membantu kamu. ^Mita",2026-09-14 07:38:09,5.77.1,Gojek
8bffaa5a-b7de-420d-b9e2-a6f399aeabec,Tri Indayati,https://play-lh.googleusercontent.com/a/ACg8ocJ_xwBrSHIDpTnas0HCvjc6qIz8RyElv6CLr19SsYbeHq7aJw=mo,cukup baik,5,0,5.76.2,2026-09-24 06:00:52,,,5.76.2,Gojek
42b38b0f-2784-4686-b7f2-b8ac1034a950,Vadjilla Koirunnissa,https://play-lh.googleusercontent.com/a-/ALV-UjV_qVq1fpS8Ag2gCdnd7FQ3Y7CD1NHdWpvZLywVxau5WaPvfw,driver cancel sesuka jem bud,1,0,,2026-09-24 05:40:21,"Hai Kak Vadjilla, mohon maaf atas ketidaknyamanannya. Laporan yang kamu sampaikan akan menjadi masukan bagi kami untuk terus meningkatkan kualitas pelayanan kami ke depannya. Kemudian terkait keluhannya, silakan laporkan melalui menu Bantuan di aplikasi Gojek dengan mengetik ""Driver membatalkan pesanan saya"" pada kolom pencarian ya. ^Mita",2026-09-24 06:17:15,,Gojek
ec6fd8cc-70df-4cf7-92e5-a80fddcb01b2,Kirana Nafeeza,https://play-lh.googleusercontent.com/a-/ALV-UjX0ZQr0x_8lnk6C7Kqb8jWHT7PVjLomXifiLu6iWechUbS71e1O,rata rata abang gojek yg aku dapat baik baik ^^ support banget,5,0,5.77.1,2026-09-24 05:35:41,,,5.77.1,Gojek
f4475de1-6b52-4ffe-a7b9-3efecdf3ec24,Radimansyah 1412,https://play-lh.googleusercontent.com/a-/ALV-UjVxZV2ce6Q8Pp6di5T1eroEyatEyBCqz5C2Tz_zBKJ8tmgXhkai,makin gak jelas,1,0,5.77.1,2026-09-24 05:30:32,"Hai Kak Radimansyah, mohon maaf atas ketidaknyamanannya. Laporan yang kamu berikan akan menjadi masukan bagi kami untuk terus meningkatkan kualitas layanan kami ke depannya. Jika kamu memiliki pertanyaan atau kendala lainnya, silakan kunjungi menu Bantuan di aplikasi Gojek kamu atau email ke customerservice@gojek.com. Terima kasih. ^Mita",2026-09-24 06:15:58,5.77.1,Gojek
81db06e5-4062-44d2-b598-dd5013bf583e,Chori Aryati,https://play-lh.googleusercontent.com/a/ACg8ocIkB7IJCq44O9Nmi_DBK69TkORWTn7lkn0qW14HTgq5qojkAHPQ=mo,"kecewa dengan promo gratis ongkir 1rb, dah lah gak usah ngadain promo itu wong gak bisa juga dipakai , alasan driver sibuk",1,1,,2026-09-24 05:16:49,"Mohon maaf atas kendalanya Kak Chori. Kesulitan mendapatkan driver bisa terjadi karena meningkatnya jumlah pengantaran di jam sibuk, atau tidak ada driver di dekat titik penjemputan. Mohon menunggu beberapa saat dan coba kembali, ya. Jika ada pertanyaan lain, silakan kunjungi menu Bantuan pada aplikasi Gojek-mu, ya. ^Mita",2026-09-24 05:38:13,,Gojek
3fd1214e-0b84-4884-9a97-85a987a364f4,asta juwana,https://play-lh.googleusercontent.com/a/ACg8ocKmcbasZk7id4AzeuJw9u5_xbKY2QMK7w_xr_0x7us5oDyOhA=mo,Sebagian nyawakuhhh..wkwkwk,5,0,5.77.1,2026-09-24 04:53:55,,,5.77.1,Gojek
d9925047-eac4-44cb-a27d-0a8600a1c99e,dle bey,https://play-lh.googleusercontent.com/a-/ALV-UjXtRFLNH2n2qnLKTnCKNA8cge22ujqZstqSgc4goXy5ExZJ-_8M,ongkir makanan ga ngotak harganya,1,0,5.24.2,2026-09-24 04:50:40,"Mohon maaf atas ketidaknyamanannya Kak @dle bey. Fokus GoFood secara keseluruhan adalah untuk terus memberikan pengalaman kuliner terbaik bagi pelanggan. Biaya Pemesanan dan Biaya Jasa GoFood digunakan untuk meningkatkan layanan kepada pengguna aplikasi, termasuk pengembangan layanan melalui inovasi dan teknologi. ^Mita",2026-09-24 07:56:05,5.24.2,Gojek
b144154d-d89f-4e48-b7ae-5f4808852623,delisa masri,https://play-lh.googleusercontent.com/a-/ALV-UjUvR2LZ-5Swm9-z0ttXqwwjzhh7Gd_kQt-l2vq_AkFSlb47ncIa,trimakasih gojek👍,5,0,5.77.1,2026-09-24 04:35:23,,,5.77.1,Gojek
2545c28a-40d7-45c1-ab6b-5a114570d1cf,Ahmad Yani S,https://play-lh.googleusercontent.com/a-/ALV-UjX9FcWN6f7ExfQCOflozlWjYrWpLjQ8NizzdFrrKTjAfmuAnYD_,👍,5,0,5.76.2,2026-09-24 04:30:53,,,5.76.2,Gojek
802a0961-cd1d-4013-91cf-09004f0c874a,Sia Betty,https://play-lh.googleusercontent.com/a/ACg8ocKdmHbD6yTOXqsPftxVaBNX6x6RW6M_pFdmK4XSnx1hR6otSg=mo,ramah,5,0,5.77.1,2026-09-24 03:28:45,,,5.77.1,Gojek
7b32aed7-7d13-414c-ac54-a1f546140470,Toyota Inova,https://play-lh.googleusercontent.com/a/ACg8ocKCsYwyo3ZIXenVKbkaZaNK-OM7VYgJ7H0DPXIwJSco0fr0tQ=mo,ok lah,4,0,5.77.1,2026-09-24 02:55:16,,,5.77.1,Gojek
3ce6bac7-159d-41f8-b0d9-6abd0f3f8ae6,dian abraham,https://play-lh.googleusercontent.com/a/ACg8ocJHiMa0GwBLAcQ9KA8iQAQVJqhmywHhA3DGj6UgE40W6ykuG7o=mo,pesan si cepat dapatnya yg waktu tunggu lama juga. please perbaiki algoritma titik driver ke titik jemput,1,2,5.77.1,2026-09-24 02:53:32,"Hai Kak Dian, mohon maaf atas ketidaknyamanannya. Laporan yang kamu sampaikan akan menjadi masukan bagi kami untuk terus meningkatkan kualitas layanan kami ke depannya. Jika kamu memiliki pertanyaan atau kendala lainnya, silakan kunjungi menu Bantuan di aplikasi Gojek kamu. ^Maysa",2026-09-24 03:32:51,5.77.1,Gojek
18e537c3-d4ad-414b-907e-c4f292f626f3,Farhan April,https://play-lh.googleusercontent.com/a/ACg8ocIq_6QBkCRxBKagDnlkni331E6uz_-9F0qTIXlasfNEDitbaA=mo,"aneh bngt lama kali cari driver prihal beli makanan, gmna sih sistem gojek skrng",1,0,5.77.1,2026-09-24 02:52:52,"Mohon maaf atas kendalanya Kak Farhan. Kesulitan mendapatkan driver bisa terjadi karena meningkatnya jumlah pengantaran di jam sibuk, atau tidak ada driver di dekat titik penjemputan. Mohon menunggu beberapa saat dan coba Kembali, ya. Jika ada pertanyaan lain, silakan kunjungi menu Bantuan pada aplikasi Gojek-mu, ya. ^Maysa",2026-09-24 03:28:49,5.77.1,Gojek
e07a4d22-d24d-4f01-a119-7d44daf1e488,neris nuurunnisaa,https://play-lh.googleusercontent.com/a/ACg8ocLBwDVD361T7V-obzRtryeJq17DdtAyT9QYWGOM4TJyhXpS3bk=mo,mantap,5,0,,2026-09-24 01:45:41,,,,Gojek
60f37fe2-50ce-4d43-b997-d947eef294e4,Sity Hafifah,https://play-lh.googleusercontent.com/a-/ALV-UjX5ta8h9PWU6Zv78zPQSK1VMCOjNoCA4gPCRQqFYHub_HL_CXt5-A,nyaman bgt ok,5,0,5.428.0,2026-09-26 05:19:46,,,5.428.0,Grab
f91ae6d0-64b6-4fce-8408-46d8ddaa1c8f,Atep Tasidin,https://play-lh.googleusercontent.com/a/ACg8ocJHgvesa7EXyNP3PXE2kkilc1gX8mdv9zSCbZtbE5dXk1MVRA=mo,enak,5,0,,2026-09-26 04:59:09,,,,Grab
f20cc027-fedd-4d05-8a47-e9f31a6f8376,FIRMANSYAH FIRMANSYAH,https://play-lh.googleusercontent.com/a-/ALV-UjWxjAF5F53bR6vBIowkORYCPbZ5C8e5js6pRuusf0uN3dguzmU,grab mantap,5,0,5.426.1,2026-09-26 04:40:11,,,5.426.1,Grab
987e4be1-c34e-4171-983b-8c2d7d4dd745,Azzril,https://play-lh.googleusercontent.com/a-/ALV-UjVNuV3nD5A_P97uQDVjn82m00iMaucsEdfqss0qgqJAaFQXUA-q,cepat,5,0,5.322.0,2026-09-26 04:03:59,,,5.322.0,Grab
3448785a-9d28-4204-9e1d-4745d7aa83bc,Hans Cokers,https://play-lh.googleusercontent.com/a-/ALV-UjVsaagsWDi0_NkTVm1BSuGudnB7mGJy7O_QPqfssLtmm_r9GUU,"mhon Data saya dhpus, jangan disalah gunakan,karna saya waktu meminjam gagal",1,0,,2026-09-26 04:02:17,Halo Kak. Maaf ya buat enggak nyaman 🙇‍♀️ Apabila Kakak menemukan kendala pada penggunaan aplikasi Grab Penumpang maka silakan laporkan melalui link https://grb.to/consumeridhelpcenter agar bisa ditindaklanjuti ya.Terima kasih 🙏,2026-09-26 06:06:10,,Grab
40f84e31-6013-42c2-bcfd-bc6588bf385f,Jonesta Sembiring,https://play-lh.googleusercontent.com/a/ACg8ocLIrycU0hoiKTHWG7foSPP50JUM9LFd338YntFMFcBFhSWn-A=mo,the best,5,0,5.428.0,2026-09-26 03:58:27,,,5.428.0,Grab
d5e628ff-5838-4692-badb-668f8bf19b7d,Inan,https://play-lh.googleusercontent.com/a/ACg8ocJR-0QMEbFWj6uw8FzBVCvCcQVtXwL8-aCWUB6Bnuncb1Zeiw=mo,ok,5,0,,2026-09-26 03:58:17,,,,Grab
da192ffa-eb11-4d2d-8e1d-83a3ddcee29d,Aditya Mahfudz,https://play-lh.googleusercontent.com/a/ACg8ocKf24CnxbXkALABs3eDxl5AAX_z18FD4u1eBF-tolYYLkcniA=mo,"kecewa dan ga akan mau pake lagi, driver nya SE mena"" membatalkan sedangkan sudah lama menunggu, gak kaya di sebelah nunggu ga lama walaupun lama pasti dateng, pake hemat sama reguler sama aja",1,0,5.428.0,2026-09-26 03:42:25,Halo Kak. Maaf ya buat enggak nyaman 🙇‍♀️ Apabila Kakak menemukan kendala pada penggunaan aplikasi Grab Penumpang maka silakan laporkan melalui link https://grb.to/consumeridhelpcenter agar bisa ditindaklanjuti ya.Terima kasih 🙏,2026-09-26 06:05:45,5.428.0,Grab
b805ba64-4ba4-4140-8c8d-5e91a8188d32,Rahmat Salma,https://play-lh.googleusercontent.com/a/ACg8ocKxC-r25VJIEhUp3_Ko_jIfs3S50Mpltsvr3lxHnv4aU14o4w=mo,bagus,5,0,5.428.0,2026-09-26 03:09:40,,,5.428.0,Grab
7de1174b-6ab0-4c3d-b6a0-7ea8152cbf66,Lori Ubet,https://play-lh.googleusercontent.com/a-/ALV-UjV9HVoKuUmJK0keyj3fhMxStNoWc-bdoY9W5dVtgQ2r_2YxH1w,good,5,0,5.428.0,2026-09-26 03:07:44,,,5.428.0,Grab
39b6ec59-d2e0-4e3d-897c-5d8078f90611,Yesi Npvtsr,https://play-lh.googleusercontent.com/a/ACg8ocKG7bRK8Sezi_o0WWrmUCMXnVAUJWHH1mUyhryII77ofxaQ3A=mo,"akun saya tiba' dinonaktifkan padahal gaperna ngapa'in demi apapun benci banget padahal saya kemana' selalu gunain grab, padahal cuma pake 1 nomor gaperna aneh' tiba tiba akun terkeluar sendiri dan di nonaktifkan selamanya, GAUSA PAKE LAGI GRAB",1,0,,2026-09-26 03:03:52,Halo Kak. Maaf ya buat enggak nyaman 🙇‍♀️ Apabila Kakak menemukan kendala pada penggunaan aplikasi Grab Penumpang maka silakan laporkan melalui link https://grb.to/consumeridhelpcenter agar bisa ditindaklanjuti ya.Terima kasih 🙏,2026-09-26 06:05:24,,Grab
7fe9e357-3e45-4484-b40f-6c5eea1f5ad9,am_adiputra,https://play-lh.googleusercontent.com/a-/ALV-UjWx2TxEylNsbBlaodeGw8HmT8x7ZbnajUKeI96lld66oNoyqV4,baik pelayanan nya,5,0,5.428.0,2026-09-26 03:01:49,,,5.428.0,Grab
378bf419-f595-4af7-b5aa-e364f8974676,Charles Crp,https://play-lh.googleusercontent.com/a/ACg8ocKJJs3nycvmq12C3Afq9boGkCBsxgZQvEpXxBsvPjiC3C10kg=mo,diwilayah ku blm terjangkau jadi pas apk digunakan gak ditemukan pengemudi.,3,0,,2026-09-26 01:40:43,"Mohon maaf ya atas ketidaknyamanan yang terjadi.
Apabila Kakak memiliki kendala saat menggunakan aplikasi Grab atau tidak nyaman dengan pelayanan kami, Kakak bisa memilih keluhan yang sesuai di link berikut ya https://grb.to/consumeridhelpcenter 🙏 Terima kasih",2026-09-26 17:53:12,,Grab
37789e20-683d-485c-987a-a30baa2c629c,Ar Ponsel,https://play-lh.googleusercontent.com/a/ACg8ocK4CSG3rMDf88vyFKhnVLjQ4bRkCxD5iQ350jFbzQ7lpLFlbQ=mo,mantap,5,0,5.428.0,2026-09-26 00:37:31,,,5.428.0,Grab
7ea3cdca-eb2f-4594-ba3b-c069c74aeea2,Khadavi Kun,https://play-lh.googleusercontent.com/a/ACg8ocKWuZwjBaZLcG2uFI1Hl0FYeTFSFDnLwT3-hEUW2lRhySZ_XA=mo,"mesen grabfood udh sejam lebih driver g gerak bukannya ganti driver ini Mala disuruh nunggu terus, beda sama gojek 5menit driver g gerak langsung otomatis ganti driver",1,0,,2026-09-25 23:42:18,Halo Kak. Maaf ya buat enggak nyaman 🙇‍♀️ Apabila Kakak menemukan kendala pada penggunaan aplikasi Grab Penumpang maka silakan laporkan melalui link https://grb.to/consumeridhelpcenter agar bisa ditindaklanjuti ya.Terima kasih 🙏,2026-09-26 06:04:44,,Grab
682f7643-ae96-401f-8c5f-057ec1adfca9,Mbah Andi New,https://play-lh.googleusercontent.com/a/ACg8ocJAwqNFOkcKrIeS_7BfhHlh9euoJ9y7Ie-DjODCbnE027SnMA=mo,ok,5,0,5.426.1,2026-09-25 23:38:50,,,5.426.1,Grab
785d150c-803b-4e1e-a8f4-cb09689c6a00,Surya Man,https://play-lh.googleusercontent.com/a/ACg8ocIu2TjMI_w-CbL49LOQ8Iu6hEBpU7QABmi6MRxxtOn0E7qk_Q=mo,mantapd,5,0,5.426.1,2026-09-25 22:57:36,,,5.426.1,Grab
edff95f0-97cc-4170-a8dc-45a937667447,Agung Budiyanto,https://play-lh.googleusercontent.com/a-/ALV-UjVQN0UgiZSK4JN0wMED5KZFTaA-1SWwxDYTWrk-po16gjIG7EcZdg,"Ribet, ROBET GAK NYAMAN MASIH INGAT PIN LAMA, TAPI GAK ada PILIHAN MASUK VIA PIN diminta perbarui pin GRAB melulu, Saldo ovo msh mencukupi, giliran transaksi musti tunai dg alasan pin grab lagi, smtr email dah lama g aktif, sdh scan wajah, finger tetap aza ""PERBARUI PIN GRAB"" 😩",1,0,5.428.0,2026-09-25 22:55:20,Halo Kak. Maaf ya buat enggak nyaman 🙇‍♀️ Apabila Kakak menemukan kendala pada penggunaan aplikasi Grab Penumpang maka silakan laporkan melalui link https://grb.to/consumeridhelpcenter agar bisa ditindaklanjuti ya.Terima kasih 🙏,2026-09-03 13:03:52,5.428.0,Grab
53b32ca1-0892-4d41-8f18-593d320594b4,Almanika Fatma yunita,https://play-lh.googleusercontent.com/a/ACg8ocKapuk1mZGr41v79fTFJsd6XxVJZA4jvIbRVkupI3kBWGwVRzDP=mo,elu busuk,1,0,5.427.0,2026-09-25 20:54:53,"Maaf ya atas ketidaknyamanan yang terjadi.
Kalau Kakak memiliki kendala saat menggunakan aplikasi Grab atau tidak nyaman dengan pelayanan kami silakan pilih keluhan yang sesuai di link berikut ya https://grb.to/consumeridhelpcenter . Terima kasih 🙏",2026-09-25 23:41:26,5.427.0,Grab
681037ec-4375-468f-9dbe-70b0e4f8c37f,Aditya Bayu,https://play-lh.googleusercontent.com/a-/ALV-UjUk8ngs4VnlhlLz8scCtkTvbHJcKkzWgCs27Gti3VGwsbR65400,aneh pesen makan jam setengah 2 ga dapet driver giliran udah tidur jam setengah 4 tau² ada driver tlfn² psanan udah sampe. terus posisi jam setengah 2 sampe jam 2 di cancel gak bisa. anehhhhh ganggu istrht orng. cukup sekian.,1,0,5.428.0,2026-09-25 20:30:56,"Maaf ya atas ketidaknyamanan yang terjadi.
Kalau Kakak memiliki kendala saat menggunakan aplikasi Grab atau tidak nyaman dengan pelayanan kami silakan pilih keluhan yang sesuai di link berikut ya https://grb.to/consumeridhelpcenter . Terima kasih 🙏",2026-09-25 23:41:35,5.428.0,Grab
e40a1041-1cf3-4e1d-a9d6-d3bcdb0aac71,Hardiyanto,https://play-lh.googleusercontent.com/a/ACg8ocJUOAJaX-hDxfAkfhgrtkFrVGfeollbSOrQ4nhYBM7jHLWaAw=mo,driver ok,5,0,5.427.0,2026-09-25 19:00:34,,,5.427.0,Grab
4066dd0e-a60d-4e91-a004-077e49f72802,M Aditya muzafar,https://play-lh.googleusercontent.com/a/ACg8ocIQ5VjRn4DKd5r4xOV8vAkSrmxmcw5-Ic9e1tRzb07XumoC1w=mo,"Aplikasi ini sangat membantu dan serta mudah dipahami, bahkan untuk pemula. Performa aplikasinya ringan dan cepat",5,0,,2026-09-25 18:48:04,,,,Grab
4ba71590-5786-4668-87ef-cb87265bc3b4,Adek Birahayu Defni,https://play-lh.googleusercontent.com/a-/ALV-UjWd8o0GpZDX-CVSQghZX_76y0SFrVpiY7SC1v4rdOE5tDcCeSC7,lebih mudah u lokasinya,5,1,5.426.1,2026-09-25 18:12:44,,,5.426.1,Grab
8308ec71-9acc-4abc-9fea-130d0e3ac8fb,Ahmad Kamaluddin,https://play-lh.googleusercontent.com/a/ACg8ocKHXN2XXjApDgU1lHn_iRac_9RdG9FOK-Coos-lUPdvlQCXbg=mo,mantap bgt,5,1,5.428.0,2026-09-25 17:39:31,,,5.428.0,Grab
34ff4d7c-045d-4a05-9bb0-de51a0ae7b20,Yanto Hari,https://play-lh.googleusercontent.com/a-/ALV-UjXpzRsYSM-3HgdPWq3ofdNj2Pqef1hJLEHNSR3JeJ-kMOs99U4P,"wah keren grab , bikin program ongkos 2.000/4km atau 1.000/4km dong pasti ramai deh....kalohemat masih kmahalan. sukses grab",5,2,,2026-09-25 16:59:03,,,,Grab
fcbc8a9c-b098-4d5a-b188-492727274430,kabupaten bekasi,https://play-lh.googleusercontent.com/a-/ALV-UjXX2EohtKDgJUjL6kSK8hKbkS2xqSiOqq-vp0i5W7YhdB7PcRE,Oke cepat dan tepat waktu,5,0,5.427.0,2026-09-25 16:14:46,,,5.427.0,Grab
d4dcb782-417f-426d-a076-3540a6f3fceb,Muhammad Mujahidin Kps,https://play-lh.googleusercontent.com/a/ACg8ocI7tHg0FfPFcYN_nxIMpAQ8OlYds488bSW9OQTv6UZC5dzDMr0=mo,sukses selalu bersama grab,5,0,5.428.0,2026-09-25 16:10:57,,,5.428.0,Grab
9e989732-cf8d-416a-9b33-a92d303ad08c,Arman Ardian,https://play-lh.googleusercontent.com/a-/ALV-UjUYksYKLho7kIX8wqA4y81SMrCzFE0Z2eyLJNDm5tczSx2YZDKm,the best 👍,5,0,5.428.0,2026-09-25 16:05:43,,,5.428.0,Grab
33c59d97-56df-4b3c-b2cc-a4bc41c3ce14,irwanto wanto,https://play-lh.googleusercontent.com/a/ACg8ocLa3gJAU14HMJVOP-7PlwRShdZBpYFIZclrY7DHEbKNvtzNmQ=mo,ok,5,0,5.426.1,2026-09-25 16:01:21,,,5.426.1,Grab
3d84649d-3c40-4129-93f3-f6314b082c9d,Vivo sri,https://play-lh.googleusercontent.com/a/ACg8ocIG4d9NdMmvZPY2PK2FQOZq2_tR3DtV1CtjSP4eYbyaAcrWJw=mo,"sangat puas,ramah,sabar juga mas nya",5,0,5.428.0,2026-09-25 15:32:49,,,5.428.0,Grab
010b1627-8025-4d16-b530-a4ee382beb1a,Rixuzy Kyuto,https://play-lh.googleusercontent.com/a/ACg8ocK3M1khmxsoN6-IystbOO2Xc5cRPER4llw-FjzLcD-Asz2ocQ=mo,semoga hadir di tembilahan.. kabupaten Indragiri hilir provinsi Riau.. soalnya banyak outlet makanan sudah di sini,5,0,,2026-09-25 15:27:07,,,,Grab
79cc9836-5ed1-4e4e-a51e-322248b75aae,Wahyudi Yusuf,https://play-lh.googleusercontent.com/a-/ALV-UjU3JSswm2JqdIFpK5jhn7DfxPTxE5_oAzzzUTU2lYy3s3SNvG9z,layanannya mantab,5,0,5.428.0,2026-09-25 14:27:57,,,5.428.0,Grab
412d4848-475a-480f-8c2f-d2eec91e989b,cna23smg,https://play-lh.googleusercontent.com/a-/ALV-UjW38sf7WBqsAx9I33J84odXVb_ZtT6jvaIrwm-T3GMmH_lXO6Qd,semakin d update semakin sulit cara ngasi tip ke driver...,1,0,5.418.0,2026-09-25 14:22:17,"Maaf ya atas ketidaknyamanan yang terjadi.
Kalau Kakak memiliki kendala saat menggunakan aplikasi Grab atau tidak nyaman dengan pelayanan kami silakan pilih keluhan yang sesuai di link berikut ya https://grb.to/consumeridhelpcenter . Terima kasih 🙏",2026-09-25 23:41:56,5.418.0,Grab
0ecea4d4-fe3b-4bcc-9db2-69cedca7954a,Ruslan Latif,https://play-lh.googleusercontent.com/a/ACg8ocLZXUkrDH3k-HqRzi6b86KTi0JGdxpfT6JXW0jSoiCNBDUx5A=mo,👍👍👍👍👍,5,0,5.428.0,2026-09-25 13:47:03,,,5.428.0,Grab
3c46ba7a-66cd-4d2f-b9fa-01868c37a652,Iponx Ipan,https://play-lh.googleusercontent.com/a-/ALV-UjVa3VOsNdiaZgl6N_7Wzm-uHO38gTywIpUAm12C1wlehRWRQPmf,kecewa dengan pelayanan grab express kurirnya rese karena masalah salah lokasi doang lagian masih daerah yg sama bukan beda kabupaten,1,0,5.428.0,2026-09-25 13:46:40,"Halo Kak. Maaf ya buat enggak nyaman 🙇‍♀️
Apabila Kakak menemukan kendala pada penggunaan aplikasi Grab Penumpang maka silakan laporkan melalui link https://grb.to/consumeridhelpcenter agar bisa ditindaklanjuti ya.Terima kasih 🙏",2026-09-25 14:09:12,5.428.0,Grab
19418ceb-21d9-4ec9-a893-8b1b1936709e,Aqilla Deo,https://play-lh.googleusercontent.com/a-/ALV-UjWHkaXFPCn4jrAwYcyX5EAMeAKgwYRc18IFvGvBhVwmoFuT_jFc,oke,5,0,5.428.0,2026-09-25 13:37:51,,,5.428.0,Grab
15e9f9b5-591e-4edb-8a55-31dda1c0c51b,Marina Saragih,https://play-lh.googleusercontent.com/a/ACg8ocIXFI0qfGrWiEOInbUmpdSJSjVmoo51pObHiDmlmYwa-YfXbQ=mo,"bapak grab ya baik, sabar, dan amanah",5,0,5.423.0,2026-09-25 13:19:51,,,5.423.0,Grab
46f2ed98-7da7-4566-8c61-28c5628c6bbe,Tante Eli,https://play-lh.googleusercontent.com/a/ACg8ocLGtHcD7Ty5js1-SBs4G0WiaEmHY4wcfCCjK3YTA_7rnOuP=mo,ok terimakasih sama aplikasi nya,5,0,5.428.0,2026-09-25 13:13:33,,,5.428.0,Grab
ef4ccb63-aa95-41a6-80b9-4951859cbb10,Shao Wen,https://play-lh.googleusercontent.com/a-/ALV-UjVz9MdNrHg81s41im4zFb1ddd7gU20t4x7-snaqYdHXcFjW-Y1J,makin kesini.. makin nggk bner.. masa iya nggk bisa ganti rute ???,1,0,5.428.0,2026-09-25 12:59:04,"Halo Kak. Maaf ya buat enggak nyaman 🙇‍♀️
Apabila Kakak menemukan kendala pada penggunaan aplikasi Grab Penumpang maka silakan laporkan melalui link https://grb.to/consumeridhelpcenter agar bisa ditindaklanjuti ya.Terima kasih 🙏",2026-09-25 14:09:49,5.428.0,Grab
d41b328c-1f16-45ac-9749-90429b6ca777,Heru P,https://play-lh.googleusercontent.com/a/ACg8ocL-Na3WoWUZIl-8xmkbE0iutpk2BGtT3wVLFDHQqQLlL4_JLA=mo,gercepp,5,0,5.428.0,2026-09-25 12:34:18,,,5.428.0,Grab
de3d0722-b771-446c-8aa0-3bf7fab25ecd,NettyHerawatty,https://play-lh.googleusercontent.com/a/ACg8ocK9l57guKnC_CqLvqYMpobI8vnoQjHPvAr54auiDStN3eiKIQ=mo,bagus,5,0,5.428.0,2026-09-25 12:30:59,,,5.428.0,Grab
c0260923-5b83-441d-94fc-48f6cdd03402,Siti mujib24,https://play-lh.googleusercontent.com/a/ACg8ocLizlh2Mo48Hyilqw72VTdBr-8NJtI858zC96F5GnBd0RALCw=mo,"tepat waktu, driver good,",5,0,,2026-09-25 12:17:00,,,,Grab
e2a1c356-3f82-4f73-aa19-51220d1ff14e,SamsungA05s,https://play-lh.googleusercontent.com/a/ACg8ocK9RF7YtCzz7se1BbT0noHdakm8I7qVNgiKinzTPDOeP9Tc9w=mo,sangat ramah,5,0,5.426.1,2026-09-25 12:11:43,,,5.426.1,Grab
90961846-5ea3-4732-92c5-dcff6c92454d,Gigin Ginanjar,https://play-lh.googleusercontent.com/a-/ALV-UjWoxtN5x_azOrQHhtbeayuT6XgOMFApEQmTGq7UlhjQTeIB1jI,mantap,5,0,5.428.0,2026-09-25 11:59:10,,,5.428.0,Grab
2cddead4-708c-4aa2-89a6-7da5a5db9053,Fakhri Shulhan Widodo,https://play-lh.googleusercontent.com/a/ACg8ocKWibtDqz2R4UcXgTff1kJKcwRwG_hNSRTW3KXtO9h253hykw=mo,50 menit orderan gak nyampe² ke restoran,1,0,5.428.0,2026-09-25 11:49:07,"Halo Kak. Maaf ya buat enggak nyaman 🙇‍♀️
Apabila Kakak menemukan kendala pada penggunaan aplikasi Grab Penumpang maka silakan laporkan melalui link https://grb.to/consumeridhelpcenter agar bisa ditindaklanjuti ya.Terima kasih 🙏",2026-09-25 11:52:06,5.428.0,Grab
48913201-8932-43f7-b864-a5bedf05bb7f,Nini Ipit,https://play-lh.googleusercontent.com/a/ACg8ocLTi3KAX5Qod8hSjkavJ7xiOldHcUe5AYcMQMd6tbynXlXhog=mo,oke,5,0,5.428.0,2026-09-25 11:34:56,,,5.428.0,Grab
555ee937-6db1-42f2-86e7-b3207bfe638d,Siti Khodijah,https://play-lh.googleusercontent.com/a/ACg8ocJIiJ22OWXs_FPZeVKmfUfyxYN7z0ki5dwZHluzDIjkNUptmg=mo,pelayanan ramah,5,0,5.428.0,2026-09-25 11:17:04,,,5.428.0,Grab
3346df80-f643-4b8b-9e8c-b7b30de91b90,mutiara dewi,https://play-lh.googleusercontent.com/a/ACg8ocKp6QMvN0bhdoR_vItoktT1PX2tEJ9a3_PrZVQkWjKoHR4vdvYM=mo,"sangat sangat tidak sopan, tidak ramah ke penumpang, seakan tidak butuh dengan penumpang, kurang ajarr, mohon untuk disanksi untuk driver atas nama ""NURI NURDIANSYAH""",1,0,5.428.0,2026-09-25 11:10:05,"Halo Kak. Maaf ya buat enggak nyaman 🙇‍♀️
Apabila Kakak menemukan kendala pada penggunaan aplikasi Grab Penumpang maka silakan laporkan melalui link https://grb.to/consumeridhelpcenter agar bisa ditindaklanjuti ya.Terima kasih 🙏",2026-09-25 11:52:11,5.428.0,Grab
876b7243-1c18-4a8e-ade0-6df34fc23f46,Dewi 17,https://play-lh.googleusercontent.com/a/ACg8ocJjl5ntxbxMM5qNe0MXItUkJLMg3cnzv3O2whXW4r71Da5_-Q=mo,"driver sekarang banyak yg sombong, kayak tidak butuh penumpang saja, banyakkk banget yg minim sopan santun, lain kali tolong lebih diseleksi untuk penerimaan driver, SANGATTT SANGATTTT SANGAATTTT TIDAK SOPAN, DRIVER ATAS NAMA ""NURI NURDIANSYAH""",1,0,5.428.0,2026-09-25 11:06:40,"Halo Kak. Maaf ya buat enggak nyaman 🙇‍♀️
Apabila Kakak menemukan kendala pada penggunaan aplikasi Grab Penumpang maka silakan laporkan melalui link https://grb.to/consumeridhelpcenter agar bisa ditindaklanjuti ya.Terima kasih 🙏",2026-09-25 11:52:43,5.428.0,Grab
00fc76d0-1e76-46ab-8dbf-55c3da2bdd46,opie gumilar,https://play-lh.googleusercontent.com/a-/ALV-UjVvcI9JLj_Ykgujb6ybDImsNfyqXy2hilNs_DnlvsTGbG0jeNWX7Q,good service,5,0,5.429.0,2026-09-25 11:04:22,,,5.429.0,Grab
9b6861ea-2245-4bef-8f36-d352a9f4268a,hafiz maulana,https://play-lh.googleusercontent.com/a-/ALV-UjW869ycV9_mcDjD22gF_ZsLq_fqgtybKrOjiK0EOiN7MhoKXiS4,cuman mau bilang terimakasih ke salah satu drivernya krn sudah antar pacarku dengan selamat sampai rumah,5,0,5.428.0,2026-09-25 10:49:50,,,5.428.0,Grab
e96a44f3-baa7-4b5d-9623-9b496487ce17,Dedi Rahman,https://play-lh.googleusercontent.com/a-/ALV-UjUnGvHgFxBjE7Uj8nMYUa1VANIwn7LAwcc23lhoiPQqNhkDnNOQ7Q,"kok selalu ada notif, ini bukan kamu?",1,0,5.428.0,2026-09-25 10:46:06,"Halo Kak. Maaf ya buat enggak nyaman 🙇‍♀️
Apabila Kakak menemukan kendala pada penggunaan aplikasi Grab Penumpang maka silakan laporkan melalui link https://grb.to/consumeridhelpcenter agar bisa ditindaklanjuti ya.Terima kasih 🙏",2026-09-25 11:52:29,5.428.0,Grab
fc310821-8765-488f-bb69-dd6594851ebc,Romeo Pitty,https://play-lh.googleusercontent.com/a-/ALV-UjUUVLqmYS8V1mKVTzyol7vyP2eKC1LtabzEEczEyTxi1RBwbGpB,keep update always,5,0,,2026-09-25 10:20:52,,,,Grab
6283f2c3-ca46-4498-81db-3ce9d7f8abad,Wiranto Kusumo,https://play-lh.googleusercontent.com/a/ACg8ocKq_9KuCEmUWatX8gB63dgLCNp9XBooq_TzewE1GiOf7TRBzQ=mo,mantab,5,0,5.428.0,2026-09-25 10:11:02,,,5.428.0,Grab
5c17ce66-66f9-484a-ae7c-ff3a6fee0f1e,Hokage Boruto,https://play-lh.googleusercontent.com/a/ACg8ocI8sVjDbfIJsGcu6G3un5EZMvwIiSPsEiP-YW76dsxmsOYkKw=mo,hai bisakah saya meminta driver sering sekali meminta bayaran di luar dan ada juga merampas hp tamu di tempat saya bekerja bisakah anda menghubungi saya,2,0,5.428.0,2026-09-25 10:01:51,Halo Kak. Maaf ya buat enggak nyaman 🙇‍♀️ Apabila Kakak menemukan kendala pada penggunaan aplikasi Grab Penumpang maka silakan laporkan melalui link https://grb.to/consumeridhelpcenter agar bisa ditindaklanjuti ya.Terima kasih 🙏,2026-09-25 11:57:01,5.428.0,Grab
d44106c8-f2ea-4ff0-9196-01bed164d1e4,Rio Ry,https://play-lh.googleusercontent.com/a/ACg8ocLKO8yJZT7R5egjW59IV8atg7k2bqE9Jgy-zCXj2Ckwcex7KQ=mo,bagus,5,0,5.427.0,2026-09-25 09:42:00,,,5.427.0,Grab
dd2b4397-1f15-4e36-8c1c-d10e3a7e233d,Yulia Ningsih,https://play-lh.googleusercontent.com/a/ACg8ocKZDWeWXbInduJ9VOIKdm7QJ7NlgbJAIyjILnGsBxsGv6bi5Q=mo,"sekarang driver grab car nya pada belagu, pesen berulang kali di cancel terus dengan alasan titik lokasi tidak di temuman, padahal sering pesen dengan alamat yang sama. ada yang bilang ongkos kemurahan, kalau kemurahan kenapa di pickup sebelumnya? driver begitu belagu kenapa gak di suspend aja akunnya, yang suka cancel cancel seenaknya.",1,0,5.428.0,2026-09-25 09:34:36,"Halo Kak. Maaf ya buat enggak nyaman 🙇‍♀️
Apabila Kakak menemukan kendala pada penggunaan aplikasi Grab Penumpang maka silakan laporkan melalui link https://grb.to/consumeridhelpcenter agar bisa ditindaklanjuti ya.Terima kasih 🙏",2026-09-25 11:52:35,5.428.0,Grab
03c3aef2-d0c7-44f9-a39d-afaf72bcd721,Charloss Lacco,https://play-lh.googleusercontent.com/a-/ALV-UjVHkxyw9xnErrQEnCqluD-L_PR9IlD4kBOesZn46iUGOXY7Vvo,bagus,5,0,5.404.1,2026-09-25 09:24:58,,,5.404.1,Grab
3c5401a7-31e8-4952-ad95-f453b52dfc37,Diyan Rangga wijaya,https://play-lh.googleusercontent.com/a/ACg8ocJzYEjHF4xpIX7a2GLLT-r9FaXxeGxjA8Ln8DbpHWH4hR0ZlQ=mo,puas dengan pelayanan nya terima kasih,5,0,5.428.0,2026-09-25 08:57:44,,,5.428.0,Grab
2ece7ee1-0e52-489e-8e06-d50442d41029,Yunan Helmi,https://play-lh.googleusercontent.com/a/ACg8ocIrA9WQ4UdM_YwBRn3egu3agcTca2yvkRo2G1P5g6PtkdYf5g=mo,keamanan terjamin,5,0,5.428.0,2026-09-25 08:43:19,,,5.428.0,Grab
7bfb49e0-948d-403d-af98-a3dc8c0f30db,Chik Winaryonaldi,https://play-lh.googleusercontent.com/a/ACg8ocLS6_A4OBNO2xovYzwrM-_JSkWt-qpJ6J0O9eKV_LzAYX2U=mo,pengemudi ramah dan tepat waktu,5,0,5.429.0,2026-09-25 08:41:40,,,5.429.0,Grab
055da772-95ab-40a0-a6c6-885bb23a7898,Asih Asih,https://play-lh.googleusercontent.com/a/ACg8ocJ2Rgqox7D1SLAtIrIkmVZ-qFrlAZ4VMCfMcHX1r2oqbGYXMek=mo,layann cepat👍👍,5,0,5.427.0,2026-09-25 08:31:44,,,5.427.0,Grab
3ccea10c-6b9d-4aa7-946f-38b86d50c30d,Editon Lahagu,https://play-lh.googleusercontent.com/a-/ALV-UjWnncmhczFugHuu0_OHXmGmU5EDAn0TB9bqVjyx9UaaYFU82l4,grab keseringan kali bikin salah rute penjemputan jadinya bentrok sama driver aneh,2,0,5.428.0,2026-09-25 08:26:01,Halo Kak. Maaf ya buat enggak nyaman 🙇‍♀️ Apabila Kakak menemukan kendala pada penggunaan aplikasi Grab Penumpang maka silakan laporkan melalui link https://grb.to/consumeridhelpcenter agar bisa ditindaklanjuti ya.Terima kasih 🙏,2026-09-25 11:58:48,5.428.0,Grab
15137be5-b17b-49aa-97d2-113663eb4fb0,Ni Made Padmayanti,https://play-lh.googleusercontent.com/a/ACg8ocKmhHxJjdP6mvhnNJwl3agVZd0Ny7fmkSPCYcHe42KU6oLM2g=mo,"kendaraan nyaman,sopir ramah ,sopan",5,0,5.429.0,2026-09-25 08:01:51,,,5.429.0,Grab
3cf3d81a-abef-4c35-8616-988b6cef0d3a,Evi Innahittha,https://play-lh.googleusercontent.com/a-/ALV-UjXXMmdcC9lkkwoQdi97c1JAQnBvqa-1uiFEwjlF97Rj-EQjwRGk,the best😘😘😘😘,5,0,5.428.0,2026-09-25 07:59:03,,,5.428.0,Grab
697447b1-1d29-4718-9d68-e0ac66206ae4,IZHAM ABI NARANSYAH,https://play-lh.googleusercontent.com/a-/ALV-UjXGFkylxxzdoMpb9hDr8nJLYwHSxBNExo3NEZIX4qBSCVg4q80,bagus dan puas,5,0,5.428.0,2026-09-25 07:55:50,,,5.428.0,Grab
8608d09b-392a-4daf-9428-616306716d61,Oni Warzone,https://play-lh.googleusercontent.com/a-/ALV-UjUhg6lBvJPQM_5wtJvB3yHKlAwn8NbKXauGiHupduUzk4zrXhDN,kecewa sebagian drivernya sekarang daerah cianjur grab mobil tidak sesuai malah minta tambahan biaya tidak sesuai dengan aplikasi udah terlanjur naik,1,0,5.155.0,2026-09-25 07:46:06,"Halo Kak. Maaf ya buat enggak nyaman 🙇‍♀️
Apabila Kakak menemukan kendala pada penggunaan aplikasi Grab Penumpang maka silakan laporkan melalui link https://grb.to/consumeridhelpcenter agar bisa ditindaklanjuti ya.Terima kasih 🙏",2026-09-25 11:52:39,5.155.0,Grab
0d988d76-1e14-4e03-b6a7-099c07857fca,Deni Irawan,https://play-lh.googleusercontent.com/a-/ALV-UjUwHATjam5AufJ5V0XDIBG-JpRQoP9wRjXfHlKhKhYQIeZWPio,belum nemu kendala,5,0,5.422.2,2026-09-25 07:42:47,,,5.422.2,Grab
a1f59a2c-56f9-42fc-8977-5b8924c7cfc4,Siti Maspuroh,https://play-lh.googleusercontent.com/a/ACg8ocIochtDL38ElSdiEkxrm4Hgk6IoCA6dBQLSkkM-C1j4P8I6dA=mo,terimakasih abang gereb nya baik ramah 🙏👍,5,0,5.428.0,2026-09-25 07:33:12,,,5.428.0,Grab
82e27ff2-062a-43f0-a774-58047862b92f,andi Yulianto,https://play-lh.googleusercontent.com/a/ACg8ocLO2EO7qv7o8bX-WvEvBsVLl2suJ-DHHgwJJKndzYj3Bs3R=mo,mantap,5,0,5.428.0,2026-09-25 07:28:08,,,5.428.0,Grab
195da6fa-f4a3-478d-90b8-828ae7ec0f92,Lusiana_ mama Faizal,https://play-lh.googleusercontent.com/a-/ALV-UjUSQ6kTUnDWFEiNY3kt-Oko1zWajlZ_joUP3qM0Bes2f-oHaP2u,berprilaku baik dan sopan,5,0,5.428.0,2026-09-25 07:19:42,,,5.428.0,Grab
18846bda-1ffa-481c-bd27-12ca75c92cff,Rusdi Anan,https://play-lh.googleusercontent.com/a-/ALV-UjVmiHlgBAPbTQLzua_gazh6x91UkJMFkJmXRWlOvJgWh5g1jng,memuaskan,5,0,5.428.0,2026-09-25 07:13:58,,,5.428.0,Grab
3ad3d2b2-9a71-494a-8545-0f8676d955fb,rahmadianto17,https://play-lh.googleusercontent.com/a-/ALV-UjXp1uSc62ssPbTRdM9tMKYns_KQNwcR9otPruAWdXKc0SztOio,baik,5,0,5.428.0,2026-09-25 06:51:22,,,5.428.0,Grab
c7d2379f-2b6e-4d7b-a6db-9563b5fbfcae,Ayu Anisya,https://play-lh.googleusercontent.com/a-/ALV-UjUFCqRer3NHkZFZl-Uwss63qzElYmJXkad9n-0SxEJnxHcDehyKSQ,Loo baru update kok mnta update lagi sih,5,0,5.126.0,2026-09-25 06:27:06,"Hi Kak Ayu.
Mohon maaf atas ketidaknyamanannya.
Untuk penanganan cepat terkait kendala pd layanan Grab Indonesia yg Kakak alami, mohon untuk menyampaikan detail lebih lanjutnya melalui DM atau Personal Message di:
Twitter: @GrabID, Facebook: Grab atau melalui Help Center pada aplikasi Grab ya.
Terima kasih banyak. 🙏
",2021-03-15 12:14:12,5.126.0,Grab
eb00c501-d514-43f9-8d56-1034be1e19e6,Rachman Hakim,https://play-lh.googleusercontent.com/a/ACg8ocLJ00mySPT91aHYz5vRknDD2KhOT5DKMIDVgKuJ5BCFRCiRdg=mo,sangat membantu,5,0,5.428.0,2026-09-25 06:20:38,,,5.428.0,Grab
d5c5bccf-128a-4769-9d45-215f4ffc90d6,reggiana y,https://play-lh.googleusercontent.com/a-/ALV-UjWfgJm3IM7ZQ1wg21mEhhot4CcDMRZ_IRXub6aJ3KffuPDt3yvNtA,"Grab nya uda oke , drivernya yang gak oke . Kadang drivernya belagu"" . Giliran gak dikasih orderan di bilang dari grab nya gini gitu . padhal drivernya aja , saya uda beberapa kali gosend makanan kalau pesen itu suka diem aja ditempat driver nya . kalau emang gk mau mending cancel aja uda , ngapain diterima . Masih banyak kok driver lain yang mau . Padhal saya selalu kasih tips lumayan buat driver . perna juga nanya kenapa sih ga mau gosend . katanya kecil dapetnya , jadi lebih baik didiemin",5,0,5.428.0,2026-09-25 06:09:12,,,5.428.0,Grab
c0fe16dc-6e2d-48e8-a80a-34113ffa6df9,Gron Sexza,https://play-lh.googleusercontent.com/a/ACg8ocIsWuojFBHHfgfdawnOii8PLcMo9Az6ychgQRcgVDCwnXfHAg=mo,ramah tamah,5,0,5.428.0,2026-09-25 05:50:01,,,5.428.0,Grab
b9ed1966-bfd7-4c63-8047-baf1acff7ffa,Fachruddin,https://play-lh.googleusercontent.com/a/ACg8ocL0oqdThYJw7kG_MWwtHdDXaLgiQIAyhQ0lVsvhA8TKiU-VcU4=mo,driver tau jalan,5,0,5.427.0,2026-09-25 05:33:40,,,5.427.0,Grab
9de8b7f3-e4e2-49e7-9add-0cc516476f5b,Cecep Setiawan,https://play-lh.googleusercontent.com/a-/ALV-UjUKzmxT688NzyFMxir-JUzZQ8fU4XErjzu1ok3Ulc-En4bWQNkV,ok,5,0,5.428.0,2026-09-25 05:33:10,,,5.428.0,Grab
3797bff8-2c8f-480a-ab1f-8f61e9a7f1e6,Rachmad Dhika Pratama,https://play-lh.googleusercontent.com/a/ACg8ocKIf3utDQVYGS1MI4OukIo9OKsWZHQX1o_H9_YhxhZ1-9ivCQ=mo,aplikasinya gg parah,5,0,5.428.0,2026-09-25 04:24:22,,,5.428.0,Grab
33fa0c7b-d20b-43a3-bfef-2381685b9f6e,Muhammad Imran,https://play-lh.googleusercontent.com/a/ACg8ocINLHJMF1y_yCIp6k-dvBRNIoJoMINqTQ4irSsvy2BeqETWHw=mo,baik,5,0,5.401.0,2026-09-25 03:14:19,,,5.401.0,Grab
0baadb96-4912-44c3-a6f7-b28da24908c2,Merlin Mahali,https://play-lh.googleusercontent.com/a/ACg8ocIG0LhyTsAAdpONtfMDc6wF-FV-6U-FusgkMY6BZ2r2o_EH=mo,sangatt baikk,5,0,,2026-09-25 03:12:33,,,,Grab
deb43230-46fb-4986-8f1a-3da3f8a6075b,Iman Gunadi,https://play-lh.googleusercontent.com/a/ACg8ocJzuw2d6UMK0RZTTdjvwq06rEyWU-saNJeo6qqA18mYeYEdnw=mo,baik,5,0,5.427.0,2026-09-25 02:57:20,,,5.427.0,Grab
de35544c-94e4-4cca-bc9c-6e786569cc3d,Karsa Jaya,https://play-lh.googleusercontent.com/a/ACg8ocLRmH3o_Uv0PjIDx1uL0cR0boE9xWJHGIYbcHuxcQhzzqKlGA=mo,puas deh,5,0,5.410.0,2026-09-25 02:56:52,,,5.410.0,Grab
b5040dc3-10f6-45c9-bf06-1e493133c5b9,Leonardi Marbun,https://play-lh.googleusercontent.com/a/ACg8ocIwvV-C-dg1hwO5sL47214Alkj41uGFLmPWOSQiHrGZSMyItA=mo,nyaman,5,0,5.427.0,2026-09-25 02:49:53,,,5.427.0,Grab
006d53cb-1f98-4085-821e-dec4fa3d4c13,Suprat Azza,https://play-lh.googleusercontent.com/a/ACg8ocLRqixzz5QbO0dvoxx5arLM-5UPT0Momg6F-fsSVpsvcqB4-Q=mo,drivernya ramah sopan dan santun,5,0,5.428.0,2026-09-25 02:29:17,,,5.428.0,Grab
0cb98c23-02ff-4952-bdb0-7fe36fcdc0ef,Dini2209,https://play-lh.googleusercontent.com/a/ACg8ocL95W5opQBAySLOGq96H8cosOYELRUDjMzHyACrCBBLM6uKWg=mo,lancar,5,0,5.428.0,2026-09-25 02:29:04,,,5.428.0,Grab
7cf4bd6f-9ee4-44a4-bd63-f63fcd1ce44e,Lili Land,https://play-lh.googleusercontent.com/a-/ALV-UjWp3qUEcI5Z1rdtfYmAv5k1Po1FL7mk6OL1rfER0ORW3ABR3TVsEg,titiknya berubah² anjir.,1,0,5.428.0,2026-09-25 01:49:26,"Halo Kak. Maaf ya buat enggak nyaman 🙇‍♀️
Apabila Kakak menemukan kendala pada penggunaan aplikasi Grab Penumpang maka silakan laporkan melalui link https://grb.to/consumeridhelpcenter agar bisa ditindaklanjuti ya.Terima kasih 🙏",2026-09-25 11:52:44,5.428.0,Grab
0c4659a9-b15b-40d4-9e86-6db8bbb9bc81,Yanto Muhammad,https://play-lh.googleusercontent.com/a/ACg8ocLD33w5FYDi1i_AaD4VWh1Rf9SXwSU8gefPPABr425k2rJ0iA=mo,pelayanannya sangat baik,5,0,5.428.0,2026-09-25 01:02:03,,,5.428.0,Grab
3d7e07a4-db75-4405-b86d-82edbb270b7e,Rukmana Rukmana,https://play-lh.googleusercontent.com/a/ACg8ocIIDSqpUilAgIuS5r3a0Es_6A3nSnNQX5yjrtY6QfnsVvSxbQ=mo,cepat akurat,4,0,5.428.0,2026-09-25 00:46:02,,,5.428.0,Grab
bcd99a73-2a3f-42d0-8e56-854fbe2095ae,watie tanjungsari,https://play-lh.googleusercontent.com/a/ACg8ocI4A9YySZowQGgiq0ZsCeXq-ZlfysGVYtr_44sbPGIbDqc-6g=mo,"ramah dan baik abang gojeknya,Terima kasih",5,0,5.428.0,2026-09-25 00:40:19,,,5.428.0,Grab
1d6de023-6d5f-4778-aaf7-509cc7eacef5,Supiana An,https://play-lh.googleusercontent.com/a/ACg8ocKuexKDckO1BWysLiCAeZ2s7oZ0FquwL4XtSUcH65tmlxenjQ=mo,sngt baik,5,0,5.420.0,2026-09-25 00:34:51,,,5.420.0,Grab
591fa90b-32da-4e4b-8476-70ba1ce65fb4,Akun Gabut,https://play-lh.googleusercontent.com/a-/ALV-UjXeCsU6zQWHMfGArHyr-4QzAfXxBkoWDH2Qz_GG8mWJCgbuQCM,gada yang mau kalok ongkos murah pas ongkos mahal aja cepet kali nerima,1,0,5.428.0,2026-09-24 23:56:38,"Maaf ya atas ketidaknyamanan yang terjadi.
Kalau Kakak memiliki kendala saat menggunakan aplikasi GrabMerchant atau tidak nyaman dengan pelayanan kami silakan pilih keluhan yang sesuai di link berikut ya https://grb.to/merchantidhelpcenter 🙏 Terima kasih",2026-09-25 00:10:43,5.428.0,Grab
d5868b43-f640-4219-88c1-49b420923ad1,Tsuwaibah,https://play-lh.googleusercontent.com/a/ACg8ocKXsaYVAznsI_-O0BAbobLigStcU4JMuU_9RMkBLSc1tx-lTQ=mo,pesanan sesuai,5,0,,2026-09-24 23:33:20,,,,Grab
2f2b50c8-78d7-45a7-91c8-9158ae4e246b,Noona Yoongi,https://play-lh.googleusercontent.com/a-/ALV-UjXOv7t0tmn2s4EXsCUVgTc1eTsSTnzn9ULFhvEqQrBwlIhzVGY,"3 kali order grab tapi driver berhenti ditempat salah. bila kita bagi arahan, last minit driver cancel. org dah lambat",1,0,5.428.0,2026-09-24 23:26:16,,,5.428.0,Grab
6aad055b-b031-4c4a-8393-41b6ea32b283,Senn Laow,https://play-lh.googleusercontent.com/a/ACg8ocKrto5yCB9GQAAo8yduBzlW35x-v6d3kG0OFReL1ARK82eqWA=mo,sangatt memuaskan,5,0,,2026-09-24 23:07:58,,,,Grab
29a0886d-2a22-4d3b-b31d-f356e3c96cf6,ateng tengkur,https://play-lh.googleusercontent.com/a-/ALV-UjUIZRGEuvSWlwuvo4r5qlUc-6Iqr1wpJ21aVaNRo2XaQ_L55Dsa,baik menyenangkan,5,0,5.428.0,2026-09-24 22:48:47,,,5.428.0,Grab
017be8f3-4a3a-4214-916b-f7d3cb781396,AYAH DESVED,https://play-lh.googleusercontent.com/a-/ALV-UjXk5Qu4H9lVvKjznsE6ifYq7dJr2jbgWbamXRaAuyA6V5KBAZ4b,pengemudi amanah,5,0,5.428.0,2026-09-24 22:35:02,,,5.428.0,Grab
f8be1970-0e49-4faa-938c-696240c7949e,Parmono Cg,https://play-lh.googleusercontent.com/a/ACg8ocJtGJq5mGlWU_QGZBDjnfGXqSbiLhWvg7-f28kKxeWvl-0HXQ=mo,sangat membantu,5,0,5.393.0,2026-09-24 22:26:57,,,5.393.0,Grab
dba8f04b-db28-407c-a6ee-706e2a9afae5,Satria Saputra,https://play-lh.googleusercontent.com/a/ACg8ocLCEhobyC5GPZdd9afEW1zYDVpQZy0o9VjP1gaxce-uRLGlrU4=mo,cukup memuaskan,4,0,5.428.0,2026-09-24 22:01:17,"Maaf ya atas ketidaknyamanan yang terjadi.
Kalau Kakak memiliki kendala saat menggunakan aplikasi Grab atau tidak nyaman dengan pelayanan kami silakan pilih keluhan yang sesuai di link berikut ya https://grb.to/consumeridhelpcenter . Terima kasih 🙏",2026-09-24 23:53:00,5.428.0,Grab
c5743e8e-70d1-49b9-9aa5-90559d371c66,Subakir Cokro,https://play-lh.googleusercontent.com/a/ACg8ocJYtdQa_WGbM63Mqpc6YJ5p2jnc0uF0g0K7FjNaeB_WVSfqyQ=mo,mantab ramah,5,0,5.428.0,2026-09-24 21:49:58,,,5.428.0,Grab
6aa8c8d5-b3f2-4527-97d7-2698b84f3340,Arik Arik,https://play-lh.googleusercontent.com/a-/ALV-UjUJU2qMIi8yFny3ogfqhgsgYOLTcX53so664EKo5yiX94VjY19q,pelayanan cukup baik,5,0,5.428.0,2026-09-24 20:57:28,,,5.428.0,Grab
1be6fccd-61fc-4000-becb-68bf0f9ec211,Akun Shoppe,https://play-lh.googleusercontent.com/a/ACg8ocIEslN8EkSJpD6uiHuyBF0s8gaL-3BaYKj1MFgGvEN6MHHXcQ=mo,"apk lintah darat, maen suspensuspend orang kantor apalagi dongo ngerugiin driver",1,0,,2026-09-24 19:58:35,"Maaf ya atas ketidaknyamanan yang terjadi.
Kalau Kakak memiliki kendala saat menggunakan aplikasi Grab atau tidak nyaman dengan pelayanan kami silakan pilih keluhan yang sesuai di link berikut ya https://grb.to/consumeridhelpcenter . Terima kasih 🙏",2026-09-24 23:53:04,,Grab
acfaf7ae-ef95-4f69-aac7-158442c613a2,Arasya,https://play-lh.googleusercontent.com/a/ACg8ocJdxRE6olAHvo6KD5kgPcdrT-Nb0UkdL7d--qXojtZBS0tRbg=mo,mantap kaka makasihh,5,0,5.428.0,2026-09-24 18:57:10,,,5.428.0,Grab
a71c705a-6f7f-40a8-8302-8b6690b0d491,Peri jontor,https://play-lh.googleusercontent.com/a/ACg8ocJrwkKZhLVDArukqHQaF-w7rwwRfrHR7uOHNj6SZ2ZR7ubaBQ=mo,pesen gofood lama,2,0,,2026-09-24 18:14:58,"Maaf ya atas ketidaknyamanan yang terjadi.
Kalau Kakak memiliki kendala saat menggunakan aplikasi Grab atau tidak nyaman dengan pelayanan kami silakan pilih keluhan yang sesuai di link berikut ya https://grb.to/consumeridhelpcenter . Terima kasih 🙏",2026-09-24 23:53:07,,Grab
5ee07aa5-2052-4ab6-be46-f7078a96d12d,Agung Permana,https://play-lh.googleusercontent.com/a/ACg8ocK8Tn8b5lI0OgJb62Pa_LDscid92yb5eaO6Xsiu3mTt3Gksig=mo,good,5,0,5.428.0,2026-09-24 17:46:22,,,5.428.0,Grab
466b626a-86f3-4211-97bb-3360dbec1687,Haini Haniah,https://play-lh.googleusercontent.com/a-/ALV-UjWzOcakpywLMj9YWO3qkA2dIdmaO90yRh_knC0xtpl4iAFFnkgB,kesel sama aplikasi grab kok ga ada yg bike hemat ya dari td mau pake itu ga bisa jadi mls 🙄🙄🙄,2,0,5.317.0,2026-09-24 15:45:14,"Maaf ya atas ketidaknyamanan yang terjadi.
Kalau Kakak memiliki kendala saat menggunakan aplikasi Grab atau tidak nyaman dengan pelayanan kami silakan pilih keluhan yang sesuai di link berikut ya https://grb.to/consumeridhelpcenter . Terima kasih 🙏",2026-09-24 23:53:16,5.317.0,Grab
c719cb51-33fa-438b-a9c4-8dcb9ffecbd7,Andri Febrian,https://play-lh.googleusercontent.com/a/ACg8ocJ_2FULje_PAQ6SIUhIXiKz6Pd0fBd5O25f89mOPnisyu34dA=mo,terlalu lama ngirim goofod nya ngasih waktu estimasi tiba,1,0,,2026-09-24 15:31:46,"Halo Kak. Maaf ya buat enggak nyaman 🙇‍♀️
Apabila Kakak menemukan kendala pada penggunaan aplikasi Grab Penumpang maka silakan laporkan melalui link https://grb.to/consumeridhelpcenter agar bisa ditindaklanjuti ya.Terima kasih 🙏",2026-09-24 18:37:04,,Grab
2fe3ca0d-547e-47df-bdd5-4c98e8a94863,Liana Lulu,https://play-lh.googleusercontent.com/a-/ALV-UjU8tibNH8MujgJQaofrLpApC6vqoVgUsvnJuMLkpjdTHGNBuKHj,"kalau ada lubang dijalan harap lebih berhagi hati banv, jangan disasak, kasian kalau bawa lansia / balita. sukses selalu🙂",5,0,5.424.0,2026-09-24 14:33:54,,,5.424.0,Grab
c4006771-3c11-47a8-813b-4f8c557048c8,ARIS MA RUF,https://play-lh.googleusercontent.com/a-/ALV-UjUMbAsGVEuMWeGFYv1VhyucZjOk6W3HlxqKIzP_3kCMHncfYJgS,Aplikasi yang sangat bagus untuk digunakan.,5,0,5.428.0,2026-09-24 14:04:19,,,5.428.0,Grab
8f99b4cd-cd3d-412b-86bb-477e1f2c0543,Zahrani Aldiah,https://play-lh.googleusercontent.com/a/ACg8ocJe4lOSKMSONYLzK7z89uf1DKVE9qQjqRZ_9vRKxpgLgorBRw=mo,"APLIKASII LO BABI BANGET TAUU GAK, GUE LAGI NGERJAIN PROPOSAL, LALU TIBA TIBA MUNCUL IKLAN LO ITU SETAN BANGET ANJ, PROPOSAL GUE ILANG SEMUA KARNA IKLAN ANJ LO ITU BABI BNGST",1,0,5.428.0,2026-09-24 13:54:10,"Halo Kak. Maaf ya buat enggak nyaman 🙇‍♀️
Apabila Kakak menemukan kendala pada penggunaan aplikasi Grab Penumpang maka silakan laporkan melalui link https://grb.to/consumeridhelpcenter agar bisa ditindaklanjuti ya.Terima kasih 🙏",2026-09-24 18:37:10,5.428.0,Grab
295f4bb2-6f64-44e0-a077-227266ec1f38,Hermansyah SKomp,https://play-lh.googleusercontent.com/a-/ALV-UjVodGc-P5rF1bIeNbj2jiHEkTt-Edpj6XQQFnVbQMj7v_zqWZc,Bagus Dan Hemat,5,0,5.428.0,2026-09-24 13:48:51,,,5.428.0,Grab
f3b84da2-a4d2-4738-b474-49337e8b0472,Yulia Junaidi,https://play-lh.googleusercontent.com/a/ACg8ocLgzsfR13ZUdd5H5wRrxzzRNKci6pb_Mos7nhrRJ0UuKdwNgg=mo,driver ramah dan baik,5,0,5.425.0,2026-09-24 13:48:30,,,5.425.0,Grab
5d6ac2a9-6a5e-4785-8061-a5f62c13baaa,didi suwardi,https://play-lh.googleusercontent.com/a-/ALV-UjUSLnstngCRCN3R1yU9fSB9BYr8ew1AOBXsScG9oPimt9OwwQg,yoi,5,0,,2026-09-24 13:06:04,,,,Grab
7c52cbdd-3cc4-4d4c-b573-914d207eb29b,Aziiz Zulkarnain,https://play-lh.googleusercontent.com/a-/ALV-UjXOqgsmaPTtpCKuGHc3iaXwD_JshER-kCCWkrZ0VXdXnG1aFZVL,"lama ga install grab, sekarang agak ribet tidak seperti versi terdahulu saat 2022",3,0,5.414.0,2026-09-24 12:54:39,"Maaf ya atas ketidaknyamanan yang terjadi.
Kalau Kakak memiliki kendala saat menggunakan aplikasi Grab atau tidak nyaman dengan pelayanan kami silakan pilih keluhan yang sesuai di link berikut ya https://grb.to/consumeridhelpcenter . Terima kasih 🙏",2026-09-24 23:53:24,5.414.0,Grab
3931ced0-878c-45a1-aed2-66469d8b7f23,Ratu Humaira,https://play-lh.googleusercontent.com/a/ACg8ocI9F70gmI99-TVistzM2giOo-Spg-oE-LyDWU5dqr64ZynL=mo,"Grabfood nya jelek banget, pengiriman pakai standar aja, double order lamanya kebangetan!!!",1,0,,2026-09-24 12:49:40,"Halo Kak. Maaf ya buat enggak nyaman 🙇‍♀️
Apabila Kakak menemukan kendala pada penggunaan aplikasi Grab Penumpang maka silakan laporkan melalui link https://grb.to/consumeridhelpcenter agar bisa ditindaklanjuti ya.Terima kasih 🙏",2026-09-24 18:37:15,,Grab
a38b177e-2f88-4fad-ba5d-3ed806cdb047,Raga,https://play-lh.googleusercontent.com/a/ACg8ocK8aLP7hUP_71JE7yfld3WM_2GRowvuC4iipP0zc9xM1sweYA=mo,😁,5,0,5.428.0,2026-09-24 12:33:12,,,5.428.0,Grab
4a76ea89-aa16-407e-980a-7cf505cb7401,Netta,https://play-lh.googleusercontent.com/a/ACg8ocL7Sq-t_KAOzMREM2RyNS2fqcVE9l1WiyYP_kFG-pY5nf9dZA=mo,"sangat menyenangkan semua lebih mudah, semoga sll ada harga terjangkaunya",5,0,5.429.0,2026-09-24 12:12:39,,,5.429.0,Grab
2f36fc2d-ee03-43a0-8f10-c93a50518aad,Zavina Putri,https://play-lh.googleusercontent.com/a/ACg8ocI9Lq1ECUQuuInKkkVGxoHQ15jZG4pezxnhVGT2vzwK-_ph=mo,baik,4,0,5.428.0,2026-09-24 11:52:35,"Maaf ya atas ketidaknyamanan yang terjadi.
Kalau Kakak memiliki kendala saat menggunakan aplikasi Grab atau tidak nyaman dengan pelayanan kami silakan pilih keluhan yang sesuai di link berikut ya https://grb.to/consumeridhelpcenter . Terima kasih 🙏",2026-09-24 23:53:31,5.428.0,Grab
4e68a929-3e17-483c-ac21-f3cd8203b219,Azizah Bkl22,https://play-lh.googleusercontent.com/a/ACg8ocLS3dpnKIOwr3-1AMuH02DJPbRBdEr20PobTOYeGpOC2A89=mo,"hemat siihhh, tapi cari alamat kok susah bgtt yaa beda sama apk sebelah tolong di perbaiki dong",3,0,5.422.2,2026-09-24 11:13:34,"Maaf ya atas ketidaknyamanan yang terjadi.
Kalau Kakak memiliki kendala saat menggunakan aplikasi Grab atau tidak nyaman dengan pelayanan kami silakan pilih keluhan yang sesuai di link berikut ya https://grb.to/consumeridhelpcenter . Terima kasih 🙏",2026-09-24 23:53:34,5.422.2,Grab
8b47353b-ffe1-4439-9a55-c48756b2c47e,alink lestari,https://play-lh.googleusercontent.com/a-/ALV-UjU0IjWLydgl0KLA8K3hVHeD16Gs7LbxhkGNClCK58G_Cg_v-is,andalan kami dirumah,5,0,5.428.0,2026-09-24 11:09:39,,,5.428.0,Grab
2ad04146-d5ff-48a6-9c71-67be4821bbc7,Natasya Aprilia,https://play-lh.googleusercontent.com/a-/ALV-UjXQipe1gOQ0SlwYKaPI5TI02kVxqu9RKLTSaRodLyDUEoWCwCGj,"sangat mantap, saya suka sekali",5,0,5.429.0,2026-09-24 11:06:12,,,5.429.0,Grab
5ec88c1e-5273-4013-a8ae-9df7357321fd,Muda Bisnis,https://play-lh.googleusercontent.com/a/ACg8ocL9PR4e-0O0J438xqTfu96TYq1JZ6SrK7CYDBDdZEip9vMZ_Q=mo,lama lama males order lagi di grab lama prosesnya dapet driver grabnya mending di shopee cepat prosesnya dah kapok order aplikasi ini,1,0,,2026-09-24 10:38:26,"Halo Kak. Maaf ya buat enggak nyaman 🙇‍♀️
Apabila Kakak menemukan kendala pada penggunaan aplikasi Grab Penumpang maka silakan laporkan melalui link https://grb.to/consumeridhelpcenter agar bisa ditindaklanjuti ya.Terima kasih 🙏",2026-09-24 11:05:13,,Grab
8d3bab9d-ff5d-4766-a485-db1b5076d9c6,Yusup Jefriadi,https://play-lh.googleusercontent.com/a/ACg8ocLLXrn7GUfuu1W-Kiq_VSnEWjh4Du9SDS3Vc1eI1rnvS7akIQ=mo,aplikasi bodoh seharian narik kgk dikasih orderan,1,1,,2026-09-24 10:25:57,"Halo Kak. Maaf ya buat enggak nyaman 🙇‍♀️
Apabila Kakak menemukan kendala pada penggunaan aplikasi Grab Penumpang maka silakan laporkan melalui link https://grb.to/consumeridhelpcenter agar bisa ditindaklanjuti ya.Terima kasih 🙏",2026-09-24 11:05:36,,Grab
a67009bf-47ce-4610-a7e1-71fa848ef5af,Tiwi Maesa,https://play-lh.googleusercontent.com/a/ACg8ocKvK8rXUqZSrPgKcC8FesEhmv34dkD7Jnj7dHmzkjxc11kIwA=mo,aplikasinya gimana sih gak bisa nyalin alamat kesel banget aku ngirim makanan malah kesasar ntah kemana mana,1,0,,2026-09-24 09:42:45,"Halo Kak. Maaf ya buat enggak nyaman 🙇‍♀️
Apabila Kakak menemukan kendala pada penggunaan aplikasi Grab Penumpang maka silakan laporkan melalui link https://grb.to/consumeridhelpcenter agar bisa ditindaklanjuti ya.Terima kasih 🙏",2026-09-24 11:06:03,,Grab
672c9b8e-4c77-4d08-9dd4-e3bc7ddbae57,Sunandar Eka,https://play-lh.googleusercontent.com/a-/ALV-UjX1q9VgrLj8b3BmrZDvxJtkUPZue_nYFms_slcQ1eL2fzaC1o0g,pengiriman cpt,5,0,5.428.0,2026-09-24 09:42:45,,,5.428.0,Grab
66129896-cc63-440f-bb6f-c2b14f4ae46b,Fitri Aisyah,https://play-lh.googleusercontent.com/a-/ALV-UjV6Te6IamZ2OET2j0A8vakar0tcllbTDH-uyqG08c_l7hBhRrw,thebes,5,0,5.428.0,2026-09-24 09:35:00,,,5.428.0,Grab
a828f861-a9e6-46a1-b28b-8f54a38487d7,Reista Reva,https://play-lh.googleusercontent.com/a/ACg8ocLLJEiDpK5s8VBgRAYTH4BDlGeCPTaqKHIjCfnO4dSm-vHnpA=mo,baik,5,0,5.428.0,2026-09-24 09:34:30,,,5.428.0,Grab
4ca3b6d9-94cf-4f22-a665-836fe61985a9,Fadli Sut1,https://play-lh.googleusercontent.com/a/ACg8ocLo8bPn_JAwg816ewouO4zYyf6Ey1zzEYyA5K-JEvQB5ExZHQ=mo,cepat,5,0,5.428.0,2026-09-24 09:28:50,,,5.428.0,Grab
c36240d8-3a1e-4037-85a2-7556688ca353,adis adi,https://play-lh.googleusercontent.com/a/ACg8ocKChPifaZAk0jvT7dtdOwsLVTg5xeSbYw16QNsOF9_d8bXjCA=mo,sangat baik peyanannya,5,0,5.427.0,2026-09-24 09:27:09,,,5.427.0,Grab
86052385-9794-4be2-ba1b-5c78420787a9,desri maryani,https://play-lh.googleusercontent.com/a-/ALV-UjVhrBJwBgJ_VdKuyFs8BCBn5koLmehIliLzSH-7UuKjF1gdWjza,driver baik dan ramah,5,0,5.428.0,2026-09-24 09:21:55,,,5.428.0,Grab
46a8912a-14a4-4fe8-9a37-09abdf12f860,m ramadhan,https://play-lh.googleusercontent.com/a-/ALV-UjU1icpVd2-Io6lSto3OURyaqllr4OQKQuxQ2OG9TQAXTmkdjjfY,BURUKK ⭐ APLIKASI NGE LAG MAU PESAN MAKAN GA BISA DI PESAN PROSES. LELETTTTTTTTTT,1,0,5.426.1,2026-09-24 09:18:39,"Halo Kak. Maaf ya buat enggak nyaman 🙇‍♀️
Apabila Kakak menemukan kendala pada penggunaan aplikasi Grab Penumpang maka silakan laporkan melalui link https://grb.to/consumeridhelpcenter agar bisa ditindaklanjuti ya.Terima kasih 🙏",2026-09-24 11:06:28,5.426.1,Grab
31e85108-0d78-4a92-8a8c-85e5d6675756,Susanto Aha',https://play-lh.googleusercontent.com/a-/ALV-UjV0AZcsKH696IWljUoRRmTQxdI6vIDgEtUbr51p2PmQ8cmml37p,deriver oke,5,0,5.428.0,2026-09-24 08:57:22,,,5.428.0,Grab
777ecde1-650f-492d-a870-f854e30ee4e7,Irma Melati,https://play-lh.googleusercontent.com/a/ACg8ocLo_0vQdplAMkRvY5zkchxFF6dt8bgE2cBN3EiSC3mnb9pmNw=mo,sangat membantu sekali,5,0,5.428.0,2026-09-24 08:43:45,,,5.428.0,Grab
50f80a3e-edd6-4389-92d0-d317d32935fd,Muhamad Bahtiar,https://play-lh.googleusercontent.com/a/ACg8ocJu2SMcuPGLBSVeKEJEeLZNxGz3Wanubcgzpf823BbaXQcLqw=mo,"sangat kecewa dengan penangan kecelakaan penumpang korban di kasih RS mitra kecelakaan tidak update sehingga harus claim, saat claim ada saja kekurangan document padahal sudah ada kwitansi, foto dan resep obat. ada yang tidak ada resume medis cair tp ada yang perlu resume medis tapi saat di lengkapi waktu claim sudah habis untuk cek asuransi 4 hari kerja Sabtu Minggu tidak di hitung akan tetapi korban harus melengkapi kekurangan document 30hari dan Sabtu Minggu di hitung ga adil",1,0,5.429.0,2026-09-24 08:21:02,"Halo Kak. Maaf ya buat enggak nyaman 🙇‍♀️
Apabila Kakak menemukan kendala pada penggunaan aplikasi Grab Penumpang maka silakan laporkan melalui link https://grb.to/consumeridhelpcenter agar bisa ditindaklanjuti ya.Terima kasih 🙏",2026-09-24 11:09:23,5.429.0,Grab
69a16cbd-9947-46bd-ad41-735e7f8550f3,memei6 diaa,https://play-lh.googleusercontent.com/a/ACg8ocIWfe0p2uxUWXuIZA6N7pnd7oZSlhvKF8-IgAZxMzsT4gWHiw=mo,woowww mempermudah kita untuk pergi keluar,5,0,5.428.0,2026-09-24 08:11:14,,,5.428.0,Grab
4ea07311-ea97-4075-a930-2383d9303853,Risnando Sulistyo,https://play-lh.googleusercontent.com/a-/ALV-UjXGKe9GfeqBfsWYBOnLfn1saAM1yICOnH6o9KhUJ65T7K5fJ_IC,ok,5,0,5.428.0,2026-09-24 07:50:11,,,5.428.0,Grab
ed57fc3f-2536-477a-abe2-9bebf429d8be,Jum iati,https://play-lh.googleusercontent.com/a-/ALV-UjXrL9DnxWrNgF8IVl6cPVtq56LBsAxhQQNktiRsja76zKDOw5I,oke,5,0,5.402.0,2026-09-24 07:28:18,,,5.402.0,Grab
b16728cf-edd7-4507-9598-66e292f84c04,Aura Puspita,https://play-lh.googleusercontent.com/a/ACg8ocIEdqYRPrS0o_RGc4hnV-3_5u2SHA9WWfr1KbSEh7BF84IXYA=mo,jelek bgt susah dapet driver pdahal udah nunggu lama tetep aja ga dapet huu,1,0,,2026-09-24 07:18:34,"Halo Kak. Maaf ya buat enggak nyaman 🙇‍♀️
Apabila Kakak menemukan kendala pada penggunaan aplikasi Grab Penumpang maka silakan laporkan melalui link https://grb.to/consumeridhelpcenter agar bisa ditindaklanjuti ya.Terima kasih 🙏",2026-09-24 11:07:57,,Grab
07150deb-624e-44aa-abb5-9d576b4ce1e5,Marusin Soekarman,https://play-lh.googleusercontent.com/a/ACg8ocJ1btvPGgF_ryFw40CsQYISo2P3sxCMzMQVFtdzIgbsfnq5cQ=mo,gercep bngt grab nya,5,0,5.428.0,2026-09-24 07:18:09,,,5.428.0,Grab
d9843534-2552-4ecd-92d0-067e34c5e083,Andika Yani,https://play-lh.googleusercontent.com/a-/ALV-UjXLmqakNlFdZBYllnENICG8zap6rKQakoALicMnKDyAxUFuEpc,bagus,5,0,5.428.0,2026-09-24 06:55:51,,,5.428.0,Grab
4bc43350-c229-4159-ba2c-2c0d651fe0af,Neneng Susanti Neng,https://play-lh.googleusercontent.com/a/ACg8ocIJde38nxc6J7z6mrAPx3021aV_WBA6jMjQ__f3wEle20MzpQ=mo,yesssslah,5,0,5.428.0,2026-09-24 06:40:01,,,5.428.0,Grab
281a1b96-e9d8-4d37-ac39-6840920725c6,Dedeh Winingsih,https://play-lh.googleusercontent.com/a/ACg8ocI9vSUEPLPy6F-XW2fMKw5Lus_30trOL6v5vruE0XijVTCITQ=mo,"kita naik grab tuh terkadang pengen ongkos lebih sedikit hemat,ini sukanya malah di tambah²in sama driver nya.emng di kira yg naik grab tuh orang kaya semua bikin kesel",2,0,5.428.0,2026-09-24 06:28:19,"Maaf ya atas ketidaknyamanan yang terjadi.
Kalau Kakak memiliki kendala saat menggunakan aplikasi Grab atau tidak nyaman dengan pelayanan kami silakan pilih keluhan yang sesuai di link berikut ya https://grb.to/consumeridhelpcenter . Terima kasih 🙏",2026-09-24 23:53:42,5.428.0,Grab
77e89704-01a2-40bf-8739-f81a385d7caa,FIOLL Hamber,https://play-lh.googleusercontent.com/a/ACg8ocL9zGEyztZvlMl4Ks4qVpBieMho67n97yibeI2cUeVNUlLUFQ=mo,Tepat Waktu,5,0,5.429.0,2026-09-24 05:41:15,,,5.429.0,Grab
7abcc5b4-a449-49eb-b42d-2237d65fd174,8.I Gusti Ayu sintya ramantika,https://play-lh.googleusercontent.com/a/ACg8ocKkOF3-LlA1jHXnTdqpCxgS-Wu08souRyIbx4CsWgr0220-fg=mo,"grab sekrang susah cari driver kenapaa yaa, berkali kali di tolak driver apakah tidak mau mengambil orderan? ,",2,0,,2026-09-24 05:33:21,"Maaf ya atas ketidaknyamanan yang terjadi.
Kalau Kakak memiliki kendala saat menggunakan aplikasi GrabMerchant atau tidak nyaman dengan pelayanan kami silakan pilih keluhan yang sesuai di link berikut ya https://grb.to/merchantidhelpcenter 🙏 Terima kasih",2026-09-25 00:11:07,,Grab
21fa4581-2945-49fd-a299-e157b03c6212,Zaehyung Kim,https://play-lh.googleusercontent.com/a-/ALV-UjXzKoJD0UPPidOb_dQbOP3iV1q8FCq87ZL3Y4h076Ma3a6HJKA,"kenapa aku kasih bintang 5, karena klo pribadi aku sendiri drivernya pada ramah² dan fasilitas mereka nyaman semua yg paling aku senang ad voucher nya motor maupun mobil biaya nya terjangkau bgt",5,0,5.428.0,2026-09-24 05:30:35,,,5.428.0,Grab
dd44cb8b-e2af-40b7-962e-8029aca90e78,Ismail Sahide,https://play-lh.googleusercontent.com/a-/ALV-UjUq4jQfyoJ4Gx2WzXKa843OejKUSzhkejaYmOVjk6PFtO4g4siI,Sejauh ini sy cukup puas dengan pelayanannya,5,0,5.428.0,2026-09-24 05:29:45,,,5.428.0,Grab
da0a5e77-8f23-4bdd-a70f-25ec36aa3657,Ratna Sari,https://play-lh.googleusercontent.com/a/ACg8ocL4sx4cuKfeDBgwvBiICwg7vgCoe1wX5GiP581jn30KQnW60A=mo,saya menyukainya,5,0,5.428.0,2026-09-24 05:08:50,,,5.428.0,Grab
ddff895b-c54e-45d2-b1fc-1a9d990c864e,Rosidin 14,https://play-lh.googleusercontent.com/a/ACg8ocLnbAXNyUjGQEwfxJNgbcSCTvBrNzTXrbtt4_shm8cO-hxqZQ=mo,mantep,5,0,5.428.0,2026-09-24 04:51:50,,,5.428.0,Grab
a6aed537-95dd-4d92-a9d3-cd175cb5d8d9,Abdullah Ibrahim,https://play-lh.googleusercontent.com/a-/ALV-UjVokjR9ULrN14qAovfl_zzDJnJvxnFTw5CsTH_m07jvSQ9TseBQ,"Mohon Lebih Di Tingkatkan Lagi, Thanks.👍 (Klo bisa nyaingin maxm)",5,0,5.426.1,2026-09-24 04:43:28,,,5.426.1,Grab
ca63e4df-47e5-4131-9ee5-8f617da5eb1a,kawaii Hito,https://play-lh.googleusercontent.com/a-/ALV-UjX2VC-YICM1OFF9XXbqm8EFITuH1tI9CRWq1KNiQXgG9s1WSwrk,iklan nya mengganggu,1,0,,2026-09-24 04:19:48,"Halo Kak. Maaf ya buat enggak nyaman 🙇‍♀️
Apabila Kakak menemukan kendala pada penggunaan aplikasi Grab Penumpang maka silakan laporkan melalui link https://grb.to/consumeridhelpcenter agar bisa ditindaklanjuti ya.Terima kasih 🙏",2026-09-24 11:08:49,,Grab
620a291c-bbe1-44a7-99b4-a208027b6b1e,Erwin Erwin,https://play-lh.googleusercontent.com/a-/ALV-UjXGMAe-8K-MAn6Mz3qeyHiiIxN6-s3fRxMkZmZSB-Ao-iFPxk0_,maksih,5,0,5.428.0,2026-09-24 03:11:37,,,5.428.0,Grab
798caf3d-af09-4efd-9061-15b348c75959,JOKIN KUSUMA NINGRUM,https://play-lh.googleusercontent.com/a-/ALV-UjXehUBMOtrREaK1w7dhGgeKIHDk_e--VF8WbuKQNff91Nl0UxMKGg,"tolong dong grab perbarui maps kalian, saya udah berkali"" pesan grab titiknya selalu ga pas, saya udah nitikin dirumah saya tapi selalu aja gabisa dan malah mental ke titik lain, akhirnya berimbas saya setiap pesan grab harus ngarahin drivernya, kadang ada driver yang ngerti dan langsung tanggap tentang lokasi, tapi ada juga driver yang gabisa baca lokasi, udah saya arahin pun tetep aja salah, saya udah sampe kirim foto rumah saya saya arahin patokannya",1,0,5.428.0,2026-09-24 02:54:04,"Halo Kak. Maaf ya buat enggak nyaman 🙇‍♀️
Apabila Kakak menemukan kendala pada penggunaan aplikasi Grab Penumpang maka silakan laporkan melalui link https://grb.to/consumeridhelpcenter agar bisa ditindaklanjuti ya.Terima kasih 🙏",2026-09-24 11:09:37,5.428.0,Grab
12da9fab-0449-4ac5-8ec4-f5272e2ec441,Deviyanti 2008,https://play-lh.googleusercontent.com/a/ACg8ocLgVYZwRDqjWoV6h5gTeUddnigw7bKH0fk-p2ikS8aFlDcLsQ=mo,mantap murah dan banya diskon,5,0,5.424.0,2026-09-24 02:13:56,,,5.424.0,Grab
7a409e97-e437-4e67-b7c5-87452f3f9a92,Lia,https://play-lh.googleusercontent.com/a/ACg8ocKqPai5YUrCkw0PcFJpkDLebzNZ32TZqoskQR2tPx_NFw7Kcw=mo,terima kasih banyak pengemudi sangat baik,5,0,5.428.0,2026-09-24 02:06:45,,,5.428.0,Grab
21d81bc2-272e-4462-ada1-7ca3f0e7b325,Deuit Supriati,https://play-lh.googleusercontent.com/a/ACg8ocImvnVKsbsRm4PiG-ZwMbF-sF9M_rhoielf2P3i_y8QpL9bsw=mo,semakin maju lebih baik,5,0,5.426.1,2026-09-24 02:02:57,,,5.426.1,Grab
e329e871-e87d-40ac-88f3-c27a64b1e904,Robby Wahyu,https://play-lh.googleusercontent.com/a-/ALV-UjX_652JLfbajrRIe2or4fz-6EDMEQZTxUpYuFZnwyoa2fmdKXH5MA,"bagus, sekarang ditambahkan mekanisme geser sebelum pemesanan, jadi meminimalisir order tidak disengaja.",5,1,5.428.0,2026-09-24 01:51:47,,,5.428.0,Grab
2f957382-ee80-4c6a-8dd8-d81076060fa5,Ai rohayati rohayati,https://play-lh.googleusercontent.com/a/ACg8ocIYIsvPL66xmDmvSZCkow6uDjg2ti8KougTkX-lz35OKKxBAA=mo,sangat puas,5,0,5.428.0,2026-09-24 01:47:11,,,5.428.0,Grab
dc766a6b-562f-4c43-b2b8-15dc44f2f003,chokies,https://play-lh.googleusercontent.com/a/ACg8ocJpah_76KbQtNTUEJZqCNAAiP8zdQc0Md1Vz7mWH1AnGf489g=mo,"Grab is a useful app for ordering food, rides, and other services. I like that everything can be done from one app, so it’s quite convenient.",5,0,,2026-09-24 01:42:21,,,,Grab
b9f0cbfd-19c4-4652-bac6-8fa1aec99ada,Ade Sumarta,https://play-lh.googleusercontent.com/a-/ALV-UjVr9ZS6N4IxT6wKh1MikBzUuuzCS48wZckm5mGeZhujSrSlF5Mh,"tq grab telah melindungi semua hak driver, selalu menjadi yang terbaik",5,0,5.428.0,2026-09-24 01:30:31,,,5.428.0,Grab
fd01d515-7c15-47b5-b418-cce82d758642,vro,https://play-lh.googleusercontent.com/a/ACg8ocI-B_m1CxlNXWAuk3xJb4Q3ZmaVLl_IJKSLZ-ns6tJkdFO_gw=mo,mantap,5,0,5.428.0,2026-09-24 01:29:46,,,5.428.0,Grab
e797038a-8f66-4413-a8eb-ce9dc9bbf86d,Ngurah Awan,https://play-lh.googleusercontent.com/a-/ALV-UjVWmRj3yKygFIvZYHLEmt6uPgyRJuhscVctE-Q-VrP74fzrj-Aw,sangat bagus,5,0,5.428.0,2026-09-24 01:17:21,,,5.428.0,Grab
8eb525de-2f61-442f-95b7-beca27972d8b,Nearamadani Nea,https://play-lh.googleusercontent.com/a/ACg8ocIEWv0MyobzaG9m2brtoMnXuclsYgXNcEN3YmgO4fwREXpDsA=mo,sangat ramah,5,0,5.428.0,2026-09-24 00:52:34,,,5.428.0,Grab
6184c6d3-7ad1-4ec9-b362-617db541e8e4,Erwin Gunawan,https://play-lh.googleusercontent.com/a/ACg8ocIIX-s6bGq4iLqrWZr8O_ZeSXnY8ZCoSPDKAvzt5OCTGH1hjQ=mo,sangat bagus 👍 dan membantu.... terimakasih,5,0,5.428.0,2026-09-24 00:49:46,,,5.428.0,Grab
a738b076-a60f-451e-bffe-cf2e3471d3b4,Megawati Megawati Julia,https://play-lh.googleusercontent.com/a-/ALV-UjWdj3XM3Qsw6xFKHcTU6X7zF_G79zlaq-4u9ERw_mVF9-ixOds,sangat cepat pengantarannya,5,0,5.425.0,2026-09-24 00:49:31,,,5.425.0,Grab
798a07e1-b9f3-4301-982a-616b1813d818,Peniman Sihana zay,https://play-lh.googleusercontent.com/a/ACg8ocIB9_dTTUE4d9NVU0_1t4c4BhE7l-4eGtmfgYZQpFGHWMyKpw=mo,terima kasih,5,0,5.428.0,2026-09-24 00:33:27,,,5.428.0,Grab
923a3f0b-202e-4344-b0d3-52592bc033a7,M Fabio Yusuf,https://play-lh.googleusercontent.com/a-/ALV-UjUoY4MVN74vLFArSfBWnYqJmF97Tu5GFu3y9hSq5VF7LRarExE,Tidak ramah driver disabilitas,1,0,5.428.0,2026-09-24 00:33:11,"Halo Kak. Maaf ya buat enggak nyaman 🙇‍♀️
Apabila Kakak menemukan kendala pada penggunaan aplikasi Grab Penumpang maka silakan laporkan melalui link https://grb.to/consumeridhelpcenter agar bisa ditindaklanjuti ya.Terima kasih 🙏",2026-09-24 11:10:01,5.428.0,Grab
bd0d69a9-5d45-4d71-9896-53db036c997e,Zainab Zainab,https://play-lh.googleusercontent.com/a/ACg8ocIcBgbd0y0BDR99nE1jG0aD1eLXk6L5x3wO6Db4pc3wEFmGeg=mo,rama dan baik dan teliti,5,0,5.428.0,2026-09-24 00:28:06,,,5.428.0,Grab
d907677c-011d-442e-b2dd-ab1e71427a17,Beby Lidyahh,https://play-lh.googleusercontent.com/a/ACg8ocLnLgsxbASz5IX7J1CfIcVttIuKaCmcbLfCPZdJ5--me6eIBg=mo,god job,5,0,5.428.0,2026-09-24 00:22:02,,,5.428.0,Grab
d80c78bb-d09a-45b6-9c8f-a23e3e8a9ec5,Beautiful Borneo,https://play-lh.googleusercontent.com/a-/ALV-UjVgxe_pPqVb0NDsGJP1CzTm_9Q2wAsQJ2u9W5lIxZnT3rpTAADm,"Grab sekarang Bangkrut kah ? kenapa sekarang jarang kasih diskon gede seperti dulu, baik order makan/belanja pun,mahal banget sekarang!",1,0,5.428.0,2026-09-24 00:03:42,"Halo Kak. Maaf ya buat enggak nyaman 🙇‍♀️
Apabila Kakak menemukan kendala pada penggunaan aplikasi Grab Penumpang maka silakan laporkan melalui link https://grb.to/consumeridhelpcenter agar bisa ditindaklanjuti ya.Terima kasih 🙏",2026-09-24 11:10:03,5.428.0,Grab
e4b4e217-180d-42c3-b318-bcdb72ddc9b0,Ryan Handoko,https://play-lh.googleusercontent.com/a/ACg8ocLj5ywfzXDs2koTqso6Wz0LE91SCc66G7xzs7l_ezmQWdkt=mo,grab skrng makin mhal,1,0,5.395.0,2026-09-24 00:03:22,"Halo Kak. Maaf ya buat enggak nyaman 🙇‍♀️
Apabila Kakak menemukan kendala pada penggunaan aplikasi Grab Penumpang maka silakan laporkan melalui link https://grb.to/consumeridhelpcenter agar bisa ditindaklanjuti ya.Terima kasih 🙏",2026-09-24 18:37:19,5.395.0,Grab
2be9398f-4385-4304-a18f-d241cea6dcaa,Rini Rahmayani,https://play-lh.googleusercontent.com/a/ACg8ocIil1JTza0jTSK1_2funTuGCiUG41oFbNeuJoc-se20Ps-JFA=mo,tetap waktu.,5,0,5.428.0,2026-09-24 00:02:52,,,5.428.0,Grab
1a63861e-ea8a-4504-91ef-7dce370d89b7,BANYU BIRU,https://play-lh.googleusercontent.com/a-/ALV-UjXYdEKDzqSrjMevfmRLRJnvazanMkgwbMv71lrQp3Zy48V16w,"Tolong dong, sangat menyebalkan, merugikan waktu, kalau restoran tutup kasih label tutup, ini bisa dipesan, restoran ada notif terima pesanan, tetapi tak lama kemudian dibatalkan karena tutup padahal sudah menunggu 10-20 menit.",3,0,,2026-09-23 23:44:43,"Maaf ya atas ketidaknyamanan yang terjadi.
Kalau Kakak memiliki kendala saat menggunakan aplikasi Grab atau tidak nyaman dengan pelayanan kami silakan pilih keluhan yang sesuai di link berikut ya https://grb.to/consumeridhelpcenter . Terima kasih 🙏",2026-09-23 23:52:35,,Grab
7aec9d92-f553-4cd4-8cd6-79560a6bfc61,Dacung Arul,https://play-lh.googleusercontent.com/a-/ALV-UjUYixOwiPRzUVHI7FdQrzzo203Azq8KpQaNpLg_PBjpzf9nP-E,mantaf,5,0,5.428.0,2026-09-23 23:37:55,,,5.428.0,Grab
ef4e4b02-bd16-415e-b03d-0a2776782c4b,Rain Glen,https://play-lh.googleusercontent.com/a-/ALV-UjVHeYEQmb1vnAXOv9y7JUleX4dgqcSLpDpbotiuwLu73EoK2jte,LAMBAT ANJ,2,0,5.420.0,2026-09-23 23:36:44,"Maaf ya atas ketidaknyamanan yang terjadi.
Kalau Kakak memiliki kendala saat menggunakan aplikasi Grab atau tidak nyaman dengan pelayanan kami silakan pilih keluhan yang sesuai di link berikut ya https://grb.to/consumeridhelpcenter . Terima kasih 🙏",2026-09-23 23:52:40,5.420.0,Grab
253f1d5f-76b4-434e-bcd1-75a179c80f18,Jerry Official,https://play-lh.googleusercontent.com/a/ACg8ocK-xsr4Yv1xw7cy6Gy7M9OEmyNp3GoWDsaC9HllscWYUI7EvA=mo,sangat menyesal pakai aplikasi ini buat pesanan tapi ngga bisa di cancel kalau salah pilih item. udah chat bantuan malah adanya chatbot AI. Sistem pengantaran yang terlambat tiba-tiba berubah waktunya oleh sistem. SANGAT TIDAK DIREKOMENDASIKAN!!!,1,0,5.428.0,2026-09-23 23:31:10,"Maaf ya atas ketidaknyamanan yang terjadi.
Kalau Kakak memiliki kendala saat menggunakan aplikasi Grab atau tidak nyaman dengan pelayanan kami silakan pilih keluhan yang sesuai di link berikut ya https://grb.to/consumeridhelpcenter . Terima kasih 🙏",2026-09-23 23:52:43,5.428.0,Grab
f145c1b0-c24d-4e4f-a462-8a9d79a9d180,Irfan Maulana Hakim,https://play-lh.googleusercontent.com/a/ACg8ocJ7DPU0RfJ1EH5iclhLSIqMweMhDXdKDRM2BN9utU5cQ8tl-g=mo,sangat murah dan harga terjangkau,5,0,5.428.0,2026-09-23 23:09:14,,,5.428.0,Grab
617ef740-3a9f-4bbd-9b20-4c4ee97a2880,Achmad Basuki,https://play-lh.googleusercontent.com/a-/ALV-UjWUgFzym027DPXg0A0dG1D3kfYORenE8IDuOboT0zAgZ7SPExvr,"sangat cepat, aman",5,0,,2026-09-23 23:07:00,,,,Grab
53043e9f-af44-4b15-b561-a6d33feff73a,Andro Blackm,https://play-lh.googleusercontent.com/a/ACg8ocIoBo06f3e7VXl-GtTpcG59cOY0EuPUWmlg8HJBQE7ZsMY4Kw=mo,ngebantu banget.,4,0,5.428.0,2026-09-23 22:54:09,"Maaf ya atas ketidaknyamanan yang terjadi.
Kalau Kakak memiliki kendala saat menggunakan aplikasi Grab atau tidak nyaman dengan pelayanan kami silakan pilih keluhan yang sesuai di link berikut ya https://grb.to/consumeridhelpcenter . Terima kasih 🙏",2026-09-23 23:52:48,5.428.0,Grab
4f59d12a-75bf-4bb1-a142-0fedaee46aa5,Ban Dono,https://play-lh.googleusercontent.com/a-/ALV-UjVHQbNYhqLw4m2HepNSYCF_6sFAPlWhpwswowtrGhirxnHYeQid,"pelayanan ramah,terbaik",5,0,5.428.0,2026-09-23 19:26:39,,,5.428.0,Grab
d1fb8962-405b-4ea3-b0c8-200cd4d9f6cb,Karina Ariani,https://play-lh.googleusercontent.com/a-/ALV-UjVfi6s48TXZW8uCOp70zQ_w-DksY_tkhQm05aMcEMT9yAiAxU-Rdw,i use this app for food delivery cz good application,5,0,,2026-09-23 19:10:51,,,,Grab
5c0460ac-68fd-4d42-b0c7-da4e904fe028,Anggi Wirastri,https://play-lh.googleusercontent.com/a/ACg8ocJ6QAZgAJlpHfBKmAkt0UV0JrKzjxbEywQn65t1XDU_-gJN-Q=mo,lumayan,5,0,5.428.0,2026-09-23 18:56:53,,,5.428.0,Grab
d59e7e07-7bbd-45e3-b0f1-ac6c2a22ebd3,Taufiecqk Rahman,https://play-lh.googleusercontent.com/a/ACg8ocIbYvCbMVZxfiJtHkx1VHCnL7Ijq0UY5x3Upz4WDwBUfc-HgA=mo,tepat waktu,5,0,5.428.0,2026-09-23 18:27:54,,,5.428.0,Grab
e0dfecb3-7509-449d-ab03-f06b25def143,Kevin Apriyanto,https://play-lh.googleusercontent.com/a/ACg8ocKtUq_Nw-aSwlRXVcv1V6fQ6xPg6uAxiGfgU44IEfrfSjB4iw=mo,"Easy to use, fast, and very convenient.",5,0,,2026-09-23 17:14:25,,,,Grab
ab45a1cd-275d-464a-bf31-697a36490759,Nurdin Nurdiansyah,https://play-lh.googleusercontent.com/a-/ALV-UjVjlMsNwND94dyuklT-JRyoFJhsQ9kwlW9z1-_qKQLy_kNj6zY,mantap,5,0,,2026-09-23 16:51:06,,,,Grab
66caadb9-5378-4a1f-8e34-812a0a3b8404,Siti Ruqiah,https://play-lh.googleusercontent.com/a/ACg8ocJjC_75EBfkJqukUhh6GUcmmUmyC6bUjrUl-2kFCOtzS4oKmg=mo,"kecewa sekali dengan grab, saya melapor ke pusat bantuan dari tanggal 21 kemarin hingga saat ini belum ada tanggapan , pusat bantuan juga tidak direspon dengan baik cht saya selalu di akhiri tolong diperbaiki lagi ya !!",1,0,5.428.0,2026-09-23 16:28:45,"Maaf ya atas ketidaknyamanan yang terjadi.
Kalau Kakak memiliki kendala saat menggunakan aplikasi Grab atau tidak nyaman dengan pelayanan kami silakan pilih keluhan yang sesuai di link berikut ya https://grb.to/consumeridhelpcenter . Terima kasih 🙏",2026-09-23 23:52:51,5.428.0,Grab
6f071e41-1323-4b3e-a385-fc301b2bfae1,R Tirta Kusuma W,https://play-lh.googleusercontent.com/a-/ALV-UjUoFgfKsdqKvgfWdyErj2sjOTOyRncMGQnLlecNmKqzfKUlQEY,ok banget,5,0,5.428.0,2026-09-23 15:58:02,,,5.428.0,Grab
8cd23bdf-afd2-4a1f-b25f-1c0545ea2ae0,Yulia Duha,https://play-lh.googleusercontent.com/a/ACg8ocJIdQTbfMALMQ0WbvB2Z3SOKgC5vsX-Og_08da_wWWgxlJhJ0Y=mo,good,5,0,5.428.0,2026-09-23 15:43:30,,,5.428.0,Grab
f3dc528b-7937-4685-bb0f-b8c7fda44f3a,Muhammad Akbar,https://play-lh.googleusercontent.com/a/ACg8ocKghM9PBaVc6zxRPpTxGo0icw43nK9Z4aFmb7ZatOfGFeA-gg=mo,Membantu Di Kala Lapar,5,0,5.428.0,2026-09-23 15:25:12,,,5.428.0,Grab
12ada5f8-78be-464b-8cc2-5f18a68754ea,Naufal Nopal,https://play-lh.googleusercontent.com/a-/ALV-UjVswrAaTD3GeRgHfGMxaj_TUAvl2W935vCsb_Ob-aXR1YrVft0,mantap,5,0,5.428.0,2026-09-23 15:18:21,,,5.428.0,Grab
b6413ef4-45e3-4ed3-9abb-e9ade36a24c0,mistia Maulisa,https://play-lh.googleusercontent.com/a/ACg8ocI15owxYexw1O4_pEkDSB3Ss3y_kCofavM-7CqUHO8z86l6Ig=mo,"Abang nya baik,",5,0,5.428.0,2026-09-23 15:17:34,,,5.428.0,Grab
484077e6-0e59-41ae-a6ad-ce476afd8261,Lever Ren,https://play-lh.googleusercontent.com/a-/ALV-UjWwfTcpe55o7JlKxNzUX_3_FFMXW5WvS8MQjLY8jvKTTyk2_Q8,"Kalau kalian peduli sama sahabat penyandang disabilitas, jangan pernah gunain ini jasa karena mereka sudah melakukan tindakan Ableist kepada mitra ojek nya yang disabilitas karena pihak Grab sudah memutus mitra-nya secara sepihak, sekian.",1,0,,2026-09-23 14:33:38,"Maaf ya atas ketidaknyamanan yang terjadi.
Kalau Kakak memiliki kendala saat menggunakan aplikasi Grab atau tidak nyaman dengan pelayanan kami silakan pilih keluhan yang sesuai di link berikut ya https://grb.to/consumeridhelpcenter . Terima kasih 🙏",2026-09-23 23:52:54,,Grab
c892e4fa-c2ea-44a8-ad7f-8099a25daef7,Hursabda Nugroho (NUGIE'),https://play-lh.googleusercontent.com/a-/ALV-UjULudhE2n0jmmva3CU5aSXuN7FplULYX3VdkiTBQPcXzHcGw_WPwQ,aplikasi mudah dioperasikan,5,0,5.428.0,2026-09-23 14:15:14,,,5.428.0,Grab
ad630531-4c8c-48ba-ae43-481e81477a9e,Siti Chaerunnisa,https://play-lh.googleusercontent.com/a/ACg8ocI6iL45NM89nA_InmGTDrGthdkygWAa4j7Sob0tdvAyaoTiJg=mo,jelek aplikasi nambah parah udh on suka oof sndiri,1,0,5.428.0,2026-09-23 13:55:53,"Maaf ya atas ketidaknyamanan yang terjadi.
Kalau Kakak memiliki kendala saat menggunakan aplikasi Grab atau tidak nyaman dengan pelayanan kami silakan pilih keluhan yang sesuai di link berikut ya https://grb.to/consumeridhelpcenter . Terima kasih 🙏",2026-09-23 23:52:58,5.428.0,Grab
fc2ca444-7e6c-4294-a5de-2c3ceb33c7ae,Muhammad Isnadhi,https://play-lh.googleusercontent.com/a/ACg8ocK9S2DIaTR9XzSqvbQJSDkrsZ_zXRm8D5wIjCBcSWkBomPUvA=mo,ok,5,0,5.416.0,2026-09-23 13:47:57,,,5.416.0,Grab
75852621-d697-4843-b68d-ae83f1894e6e,Mamah Aufa,https://play-lh.googleusercontent.com/a/ACg8ocJavjINkPUo0mxujTOiqESFkuh1E-0LHYM6mtG3KGIM1i88Xg=mo,sangat memuaskan,5,0,5.428.0,2026-09-23 13:45:45,,,5.428.0,Grab
3e54a46f-de94-4b78-9951-6dbe61bc8cc6,Yani Yani,https://play-lh.googleusercontent.com/a/ACg8ocLS0eG1J6j84FAo_oj72K6nflqYYI4MBJ9jRiirNAzpG_5eIA=mo,makin buruk. pesan makanan super lama. nunggu bisa lebih dr 1 jam. smp rumah pun makanan sdh melempem. harga makanan super mahal. skrg lebih milih orange. cepat murah,2,0,,2026-09-23 12:42:36,"Maaf ya atas ketidaknyamanan yang terjadi.
Kalau Kakak memiliki kendala saat menggunakan aplikasi Grab atau tidak nyaman dengan pelayanan kami silakan pilih keluhan yang sesuai di link berikut ya https://grb.to/consumeridhelpcenter . Terima kasih 🙏",2026-09-23 23:53:09,,Grab
e366deb2-c325-4747-be75-3c672987e745,jack gondronx,https://play-lh.googleusercontent.com/a-/ALV-UjV_LW4o-0bSW5LUpdui-OX_HzdE8G5pixmmpHxhfp2GcfTqoUc,sangat bagus,5,0,5.385.0,2026-09-23 12:28:24,,,5.385.0,Grab
d76a185e-f404-4296-99d3-a0efb68477aa,Asep,https://play-lh.googleusercontent.com/a/ACg8ocIQg6iR12_6YiNvuwnC-XNAJ8S0VdWrRZJpihUkSwyV771EfA=mo,Jos,5,0,5.411.0,2026-09-23 12:24:10,,,5.411.0,Grab
4e84c591-a2ec-46a5-93fe-f03035952832,Siti Hajar,https://play-lh.googleusercontent.com/a/ACg8ocL6ftxSmFXdluUEdTX24CY32uubPMgfaoPkP1jirTlwPvOtrQ=mo,"Kalo saya order, kenapa yang datang BYD terus? lebih baik saya pindah aja ke aplikasi sebelah",1,0,,2026-09-23 12:07:29,"Maaf ya atas ketidaknyamanan yang terjadi.
Kalau Kakak memiliki kendala saat menggunakan aplikasi Grab atau tidak nyaman dengan pelayanan kami silakan pilih keluhan yang sesuai di link berikut ya https://grb.to/consumeridhelpcenter . Terima kasih 🙏",2026-09-23 23:53:12,,Grab
